NINT;poids;DATE_CONTACT;mois;jour;quest_debut;quest_fin;SEXE;AG99;AGE_REP;ANNEE_REP;eqtv;Recept_ADSL;Recept_Para;Recept_elargie;Recept_tradi;abcp;abon_adsl;abon_elargie;habtv1;habtv2;habtv3;habtv4;habtv5;habtv6;habtv7;habtv8;habtv9;habtv10;init1;init2;init3;init4;init5;init6;init7;init8;init9;init10
1;0,56;31/03/2014;3;7;14:07:12;14:23:10;2;46;4;1968;1;0;0;1;0;2;1;1;3;2;5;1;3;3;5;5;5;2;1;1;2;1;1;1;2;2;1;1
100;4,42;04/04/2014;4;4;14:11:05;14:32:53;1;18;1;1996;1;0;1;1;0;1;2;1;1;3;1;2;3;3;1;1;3;3;1;1;1;1;1;1;1;1;1;1
101;1,12;04/04/2014;4;4;14:30:56;14:56:20;1;20;2;1994;1;0;0;0;1;2;2;0;2;5;5;5;5;5;5;5;4;4;1;2;2;2;2;2;2;2;1;1
103;1,43;04/04/2014;4;4;14:29:27;14:58:08;2;22;2;1992;1;0;0;0;1;2;2;0;1;3;1;4;5;1;3;4;1;5;1;2;2;2;2;2;2;2;1;2
105;0,67;04/04/2014;4;4;15:01:08;15:24:15;2;19;1;1995;1;0;0;0;1;2;2;0;1;5;5;5;5;5;5;5;1;4;1;2;2;2;2;2;2;2;1;1
106;0,49;04/04/2014;4;4;15:13:00;15:25:21;2;28;3;1986;0;0;0;0;0;2;2;0;5;5;5;5;5;5;5;5;5;5;;;;;;;;;;
107;0,55;04/04/2014;4;4;15:18:53;15:45:31;1;28;3;1986;1;0;0;1;1;1;2;0;3;5;3;5;3;5;5;5;5;1;1;1;1;1;1;1;1;2;1;1
108;0,59;04/04/2014;4;4;15:20:14;15:46:04;1;41;4;1973;1;0;1;1;0;1;2;1;2;3;1;3;2;3;4;3;5;2;1;1;1;1;1;1;1;2;1;1
109;4,4;04/04/2014;4;4;15:07:31;15:47:16;1;32;3;1982;1;0;1;1;0;1;2;1;1;1;1;3;1;1;1;3;1;1;1;1;1;1;1;1;1;1;1;1
11;0,62;31/03/2014;3;7;14:50:31;15:30:27;2;24;2;1990;1;0;1;1;0;2;2;1;1;3;5;1;1;2;1;1;3;5;1;1;2;1;1;1;1;2;1;1
110;0,87;04/04/2014;4;4;15:39:52;16:02:18;1;17;1;1997;1;0;1;1;0;1;2;1;1;3;1;4;3;2;5;5;5;5;1;1;1;1;1;1;2;2;2;1
111;4,78;04/04/2014;4;4;15:44:04;16:03:41;2;27;3;1987;1;0;0;0;1;2;2;0;1;2;2;1;5;2;5;5;5;1;1;2;2;2;2;2;2;2;2;1
112;0,72;04/04/2014;4;4;15:55:16;16:14:14;1;30;3;1984;1;0;0;1;0;2;1;1;2;3;5;1;3;5;5;3;3;3;1;1;2;1;1;1;1;1;1;1
114;4,06;04/04/2014;4;4;16:05:06;16:23:21;2;39;4;1975;1;0;1;1;0;1;2;1;1;3;3;2;2;2;4;3;1;3;1;1;1;1;1;1;1;1;1;1
116;1,92;04/04/2014;4;4;16:33:13;16:54:55;2;26;3;1988;1;0;1;1;0;2;2;1;1;1;5;2;1;1;5;5;2;3;1;1;2;1;1;1;2;2;1;1
118;0,47;04/04/2014;4;4;16:33:37;16:55:57;2;22;2;1992;1;0;0;0;1;2;2;0;1;5;5;3;5;5;5;5;1;1;1;2;2;1;2;2;2;2;1;1
119;0,53;04/04/2014;4;4;16:45:58;16:59:07;1;34;3;1980;0;0;0;0;0;2;2;0;3;5;5;3;3;5;5;5;5;5;;;;;;;;;;
121;1,42;04/04/2014;4;4;16:31:00;17:08:15;2;33;3;1981;1;0;0;0;1;1;2;0;1;2;1;3;1;1;5;5;3;3;1;1;1;1;1;1;2;1;2;1
124;5,58;05/04/2014;4;5;14:18:55;14:50:35;2;21;2;1993;1;0;1;1;0;2;2;1;1;4;1;4;4;3;4;4;3;3;1;1;1;1;1;1;1;1;1;1
125;0,7;05/04/2014;4;5;14:21:25;14:52:28;1;34;3;1980;0;0;0;0;0;2;2;0;1;3;5;3;3;1;3;1;1;5;;;;;;;;;;
126;0,59;05/04/2014;4;5;14:13:24;14:53:28;1;31;3;1983;1;0;1;1;0;1;1;1;1;4;4;4;3;4;4;2;4;4;1;1;1;1;1;1;1;1;2;1
128;4,71;05/04/2014;4;5;14:49:13;15:10:45;1;15;1;1999;1;0;1;1;0;2;2;1;1;4;2;5;1;3;5;3;5;1;1;2;1;1;1;1;2;2;2;1
129;0,52;05/04/2014;4;5;14:57:25;15:18:28;2;34;3;1980;1;0;0;1;0;1;1;1;1;5;5;2;1;5;5;5;5;4;1;1;2;1;1;1;1;1;1;1
13;0,6;31/03/2014;3;7;15:21:24;15:49:18;2;34;3;1980;1;0;1;1;0;2;2;1;1;5;5;5;5;5;5;5;4;5;1;3;1;3;3;3;2;3;1;3
130;2,15;05/04/2014;4;5;14:57:16;15:28:39;1;36;4;1978;1;0;1;1;0;1;2;1;1;3;3;3;3;3;3;3;5;1;1;1;1;1;1;1;2;1;2;1
131;0,79;05/04/2014;4;5;15:05:26;15:30:00;2;18;1;1996;1;0;1;1;0;1;2;1;2;4;4;4;4;4;4;2;4;5;1;1;1;1;1;1;1;1;2;1
132;0,68;05/04/2014;4;5;14:54:21;15:36:33;1;42;4;1972;1;0;1;1;0;1;2;1;1;2;1;2;5;3;5;5;5;3;1;1;1;1;1;1;3;3;2;1
134;2,64;05/04/2014;4;5;15:29:42;15:59:56;1;26;3;1988;1;0;0;1;0;1;1;1;2;4;2;3;4;3;2;4;2;4;1;1;1;1;1;1;1;1;2;1
136;3,27;05/04/2014;4;5;15:42:33;16:08:05;1;21;2;1993;0;0;0;0;0;2;2;0;1;4;5;4;5;3;5;5;5;5;;;;;;;;;;
138;0,67;05/04/2014;4;5;15:52:00;16:18:08;1;34;3;1980;1;0;0;0;1;2;2;0;1;5;5;5;5;5;5;5;5;5;1;2;2;2;2;2;2;2;1;1
139;1,14;05/04/2014;4;5;16:05:18;16:22:27;1;20;2;1994;1;0;0;0;1;2;2;0;1;5;4;5;5;5;5;3;3;3;1;3;2;2;2;2;1;2;1;1
14;4,68;31/03/2014;3;7;15:43:40;16:08:46;1;16;1;1998;1;0;1;1;0;2;2;1;1;1;4;2;2;4;4;4;1;3;1;1;2;1;1;1;2;2;1;1
140;0,66;05/04/2014;4;5;16:09:21;16:27:54;2;40;4;1974;1;0;1;1;0;1;2;1;1;2;3;2;4;2;4;4;3;4;1;1;1;1;1;1;1;1;1;1
141;3,87;05/04/2014;4;5;16:17:01;16:41:07;1;44;4;1970;1;0;0;1;0;2;1;1;1;1;2;2;4;1;5;5;3;1;1;1;2;1;2;1;2;2;1;1
142;4,32;05/04/2014;4;5;16:32:02;16:55:15;2;16;1;1998;1;0;1;1;0;2;2;1;1;1;3;1;4;1;4;4;1;1;1;1;2;1;1;1;2;2;1;1
143;7,77;05/04/2014;4;5;16:37:25;16:58:11;2;50;5;1964;1;1;0;1;0;1;1;1;1;1;1;4;3;1;4;2;3;4;1;1;1;1;1;1;1;1;1;1
144;0,84;05/04/2014;4;5;16:39:44;17:03:18;2;45;4;1969;1;0;1;1;0;2;2;1;1;3;4;4;1;3;5;5;3;2;1;1;2;1;1;1;3;2;1;1
145;1,29;05/04/2014;4;5;16:50:47;17:06:43;2;15;1;1999;1;0;0;0;1;2;2;0;1;5;5;5;5;5;5;5;1;5;1;2;2;2;2;1;2;2;1;1
146;1,08;06/04/2014;4;6;14:08:09;14:32:12;2;15;1;1999;1;0;0;1;0;2;2;1;2;2;4;1;1;1;2;5;4;3;1;1;1;1;1;1;1;1;1;1
147;0,54;06/04/2014;4;6;14:05:37;14:32:57;1;44;4;1970;1;0;1;1;0;2;1;1;2;2;5;1;3;3;5;5;3;2;1;1;2;1;1;1;2;2;1;1
148;5,92;06/04/2014;4;6;14:06:59;14:33:17;1;27;3;1987;1;0;1;1;0;2;2;1;1;1;5;5;5;1;4;5;1;5;1;1;2;1;1;1;2;1;1;1
149;0,58;06/04/2014;4;6;14:15:31;14:40:01;1;37;4;1977;1;0;1;1;0;2;2;1;1;4;4;4;4;5;4;4;4;3;1;1;2;1;1;1;1;2;1;1
150;0,52;06/04/2014;4;6;14:27:45;14:48:53;2;30;3;1984;1;1;0;1;0;2;1;1;1;2;5;1;4;2;5;5;4;4;1;1;2;1;1;1;2;3;1;1
151;0,68;06/04/2014;4;6;14:33:00;14:53:02;2;16;1;1998;1;0;1;1;0;2;1;1;3;4;5;4;4;4;4;4;4;4;1;1;2;1;1;1;1;1;1;1
152;1,99;06/04/2014;4;6;14:38:51;14:57:17;2;27;3;1987;1;0;1;1;0;1;1;1;4;3;1;1;3;3;4;5;5;3;1;1;1;1;1;1;1;1;3;1
153;0,51;06/04/2014;4;6;14:38:47;14:58:59;1;47;4;1967;1;0;1;1;0;2;2;1;2;4;4;4;3;4;5;5;5;3;1;1;1;1;1;1;1;1;2;1
154;6,22;06/04/2014;4;6;14:45:02;15:05:22;2;25;3;1989;1;0;0;0;1;2;2;0;1;4;5;4;4;4;5;4;4;4;1;2;2;2;2;2;2;2;1;1
156;8,21;06/04/2014;4;6;15:06:08;15:26:18;2;62;5;1952;1;0;0;0;1;2;2;0;1;5;5;5;5;5;5;5;3;4;1;2;2;2;2;2;2;2;1;1
157;0,71;06/04/2014;4;6;15:21:26;15:36:14;1;15;1;1999;1;0;1;1;0;2;2;1;2;1;5;1;2;1;5;5;5;1;1;1;2;1;1;1;1;1;2;1
158;0,5;06/04/2014;4;6;15:24:16;15:43:25;2;23;2;1991;0;0;0;0;0;2;2;0;4;4;1;1;2;4;1;3;3;2;;;;;;;;;;
159;5,09;06/04/2014;4;6;15:50:39;16:14:04;1;19;1;1995;1;0;1;1;0;2;2;1;1;5;3;3;3;3;5;5;5;5;1;1;1;1;1;1;1;2;2;1
161;4,37;06/04/2014;4;6;15:58:27;16:23:55;1;16;1;1998;1;0;0;1;0;1;1;1;1;1;1;1;4;2;1;4;1;2;1;1;1;1;1;1;2;1;1;1
162;0,62;06/04/2014;4;6;16:26:59;16:45:45;2;16;1;1998;1;0;1;1;0;2;2;1;1;3;5;3;3;1;4;3;1;4;1;1;2;1;2;1;2;2;1;2
163;4,87;06/04/2014;4;6;16:28:35;16:46:58;1;21;2;1993;1;0;0;1;0;2;2;1;2;3;1;5;3;3;1;5;2;5;1;1;1;1;1;1;1;1;1;1
165;0,5;06/04/2014;4;6;16:50:16;16:58:43;2;29;3;1985;0;0;0;0;0;2;2;0;5;5;5;5;5;5;5;5;5;5;;;;;;;;;;
166;0,8;06/04/2014;4;6;16:35:50;17:02:34;1;18;1;1996;0;0;0;0;0;2;2;0;1;5;1;5;3;3;3;1;1;5;;;;;;;;;;
167;6,48;06/04/2014;4;6;16:07:40;17:03:03;1;51;5;1963;1;0;1;1;0;2;1;1;1;4;4;3;4;4;5;5;5;3;1;1;1;1;1;1;2;2;2;1
168;0,63;06/04/2014;4;6;16:59:56;17:23:41;2;47;4;1967;1;0;1;1;0;2;1;1;1;4;3;4;4;3;5;4;4;4;1;1;2;1;1;1;1;1;1;1
169;6,37;07/04/2014;4;7;14:21:20;14:39:59;2;38;4;1976;1;0;1;1;0;2;2;1;1;1;5;5;5;5;5;5;5;5;1;1;2;2;1;1;1;2;2;1
170;0,53;07/04/2014;4;7;14:26:02;14:47:29;2;35;4;1979;1;0;1;1;0;2;2;1;2;3;5;3;3;4;5;5;2;3;1;1;2;1;1;1;1;2;1;1
171;0,53;07/04/2014;4;7;14:43:43;14:56:03;2;43;4;1971;1;0;1;1;1;1;2;0;4;4;1;2;1;4;5;5;5;1;1;1;1;1;1;1;1;1;2;1
172;5,24;07/04/2014;4;7;14:36:58;15:12:58;2;23;2;1991;1;0;1;1;0;1;2;1;1;1;3;1;1;1;4;3;5;4;1;1;1;1;1;1;1;1;2;1
174;5,44;07/04/2014;4;7;14:26:45;15:20:04;1;47;4;1967;1;0;1;1;0;2;2;1;1;2;5;1;1;1;1;1;5;2;1;1;2;1;1;1;2;1;2;1
175;0,54;07/04/2014;4;7;14:56:27;15:23:43;1;37;4;1977;1;0;1;1;1;2;2;0;1;5;5;5;5;5;5;5;5;1;1;2;2;2;2;2;2;2;1;1
176;0,72;07/04/2014;4;7;15:11:56;15:45:55;1;27;3;1987;1;0;0;0;1;2;2;0;1;5;5;5;5;5;4;5;2;2;1;2;2;1;2;2;2;2;1;1
177;0,78;07/04/2014;4;7;15:31:07;15:47:32;1;18;1;1996;1;0;0;1;0;2;1;1;1;2;5;1;2;2;5;5;4;5;1;1;2;1;1;1;2;2;1;1
178;1,46;07/04/2014;4;7;15:30:03;15:53:28;2;25;3;1989;1;0;1;1;0;1;2;1;1;1;1;1;1;1;1;1;5;1;1;1;1;1;1;1;1;1;1;1
179;0,62;07/04/2014;4;7;15:24:00;15:53:40;1;24;2;1990;1;0;1;1;1;2;2;0;3;5;5;5;5;5;4;3;4;3;1;1;2;1;2;1;1;1;1;1
18;2,06;31/03/2014;3;7;15:51:25;16:17:18;2;20;2;1994;1;0;1;1;0;2;2;1;1;1;5;1;5;2;5;5;5;3;1;1;2;1;2;1;2;1;2;1
181;4,97;07/04/2014;4;7;15:28:28;16:01:12;2;13;1;2001;1;0;1;1;0;1;1;1;1;4;1;1;1;4;3;3;5;4;1;1;1;1;1;1;1;1;2;1
183;0,75;07/04/2014;4;7;16:05:30;16:20:05;1;17;1;1997;1;0;1;1;0;2;2;1;1;4;4;2;5;2;5;4;2;1;1;1;2;1;1;1;1;1;1;1
184;0,93;07/04/2014;4;7;16:32:43;16:51:41;1;56;5;1958;1;0;0;1;0;2;1;1;1;1;3;1;1;1;5;5;5;1;1;1;1;1;1;1;2;2;1;1
186;4,94;07/04/2014;4;7;16:34:11;16:58:28;1;17;1;1997;1;0;0;1;0;2;1;1;1;1;5;2;2;2;2;2;5;3;1;1;2;1;1;1;2;1;2;1
187;4,83;07/04/2014;4;7;16:48:04;17:04:20;2;30;3;1984;1;0;1;1;0;2;1;1;2;2;5;2;2;2;2;2;3;2;1;1;1;1;1;1;1;2;1;1
188;1,04;07/04/2014;4;7;16:58:31;17:10:29;2;13;1;2001;0;0;0;0;0;2;2;0;5;5;5;4;4;5;5;5;5;4;;;;;;;;;;
189;0,56;07/04/2014;4;7;16:53:31;17:11:11;2;49;4;1965;1;0;1;1;0;2;2;1;3;3;5;3;2;3;5;5;3;3;1;1;2;1;1;1;2;2;1;1
19;0,6;31/03/2014;3;7;16:11:45;16:33:50;2;17;1;1997;1;0;0;1;0;1;1;1;1;1;1;1;3;1;2;2;5;3;1;1;1;1;1;1;1;1;1;1
191;0,77;07/04/2014;4;7;17:03:04;17:22:01;2;15;1;1999;1;0;1;1;0;2;2;1;1;1;5;5;2;1;5;5;1;3;1;1;2;1;1;1;2;2;1;1
192;1,2;08/04/2014;4;1;14:03:03;14:19:28;2;18;1;1996;1;0;0;0;1;1;2;0;3;5;5;3;5;5;4;4;5;3;1;1;1;1;3;1;1;1;2;1
193;0,63;08/04/2014;4;1;14:20:27;14:41:16;1;30;3;1984;1;0;1;1;0;2;2;1;1;3;1;4;2;3;4;4;3;1;1;1;1;1;1;1;1;1;1;3
194;0,64;08/04/2014;4;1;14:13:23;14:53:34;1;48;4;1966;1;0;0;0;1;2;2;0;1;1;1;3;5;1;3;3;3;1;1;1;2;2;1;1;1;3;2;1
195;0,49;08/04/2014;4;1;14:37:45;15:00:48;2;34;3;1980;1;0;1;1;0;1;2;1;1;4;3;4;3;3;3;4;5;1;1;1;1;2;1;1;1;1;2;2
196;0,88;08/04/2014;4;1;14:38:00;15:10:55;1;16;1;1998;1;0;1;1;0;2;2;1;1;3;5;4;2;5;5;4;4;2;1;1;2;1;2;1;1;1;1;1
197;0,89;08/04/2014;4;1;14:44:18;15:12:01;1;27;3;1987;1;0;0;0;1;2;2;0;1;5;5;5;5;5;5;5;4;4;1;2;2;2;2;2;2;2;1;1
198;0,51;08/04/2014;4;1;14:44:15;15:18:23;1;26;3;1988;0;0;0;0;0;2;2;0;5;5;3;4;5;5;5;5;3;5;;;;;;;;;;
199;0,94;08/04/2014;4;1;15:16:59;15:29:43;1;61;5;1953;1;0;0;1;0;2;1;1;5;3;5;2;5;5;5;5;3;5;1;1;2;1;1;1;2;2;1;2
202;0,7;08/04/2014;4;1;15:30:40;15:49:41;2;40;4;1974;1;0;1;1;1;1;2;0;1;2;3;5;3;1;5;4;5;4;1;1;1;1;1;1;2;1;2;1
204;0,49;08/04/2014;4;1;15:49:27;16:08:03;1;34;3;1980;1;0;1;1;0;1;2;1;1;2;1;1;4;4;1;4;4;1;1;1;1;1;2;1;1;2;1;1
205;5,25;08/04/2014;4;1;15:50:28;16:11:43;1;32;3;1982;1;0;0;0;1;2;2;0;1;5;5;5;5;5;5;3;1;5;1;2;2;2;2;2;2;2;1;1
206;1,22;08/04/2014;4;1;16:20:34;16:33:30;1;52;5;1962;0;0;0;0;0;2;2;0;3;5;5;5;5;5;5;5;5;5;;;;;;;;;;
207;3,47;08/04/2014;4;1;16:19:50;16:35:24;1;17;1;1997;1;0;1;1;0;2;2;1;1;5;5;5;5;5;4;4;3;5;1;1;2;3;3;1;1;1;1;2
208;0,56;08/04/2014;4;1;16:21:54;16:43:06;2;37;4;1977;1;0;1;1;0;1;2;1;1;3;1;1;3;1;3;3;3;5;1;1;1;1;1;1;1;1;1;1
209;3,12;08/04/2014;4;1;16:28:45;16:48:42;2;20;2;1994;1;0;0;0;1;2;2;0;1;5;5;5;5;5;5;5;4;1;1;2;2;2;2;1;2;2;1;1
21;0,67;31/03/2014;3;7;16:09:55;16:49:52;2;16;1;1998;1;0;1;1;1;1;2;0;1;4;2;2;2;4;1;1;2;2;1;1;1;1;1;1;1;1;2;1
212;1,3;08/04/2014;4;1;16:42:56;17:01:32;2;20;2;1994;1;0;1;1;0;2;2;1;2;5;5;1;2;2;3;3;5;5;1;1;1;1;1;1;2;1;2;1
213;2,38;08/04/2014;4;1;17:04:44;17:20:39;2;17;1;1997;1;0;0;1;0;2;1;1;1;2;5;5;5;4;5;5;5;5;1;1;2;1;2;2;2;2;2;2
215;0,66;08/04/2014;4;1;17:04:17;17:31:38;2;16;1;1998;1;0;1;1;0;2;2;1;1;4;5;4;1;2;2;5;4;5;1;1;2;1;1;1;1;2;1;1
216;0,83;08/04/2014;4;1;17:09:59;17:31:58;2;16;1;1998;1;0;0;1;0;2;1;1;1;1;5;3;1;1;1;1;3;3;1;1;2;1;1;1;1;2;2;1
217;6,37;09/04/2014;4;2;14:00:53;14:27:53;1;46;4;1968;1;0;1;1;0;2;1;1;1;1;1;1;3;1;5;5;1;1;1;1;1;1;1;1;1;1;1;1
218;2,64;09/04/2014;4;2;14:04:00;14:28:24;2;17;1;1997;1;0;1;1;0;2;2;1;1;1;5;1;1;1;1;4;1;1;1;1;2;1;1;1;1;1;1;1
219;5,78;09/04/2014;4;2;14:02:26;14:31:14;2;38;4;1976;1;0;1;1;0;2;2;1;2;3;5;4;4;4;5;4;4;5;1;1;2;3;1;1;3;1;2;1
22;0,7;31/03/2014;3;7;16:23:43;16:56:56;1;30;3;1984;1;0;0;0;1;2;2;0;1;4;2;4;2;4;3;4;4;3;1;2;2;1;2;2;2;2;1;2
221;0,68;09/04/2014;4;2;14:42:18;15:13:14;1;29;3;1985;1;0;1;1;0;1;2;1;1;5;1;5;3;5;3;3;3;5;1;1;1;1;1;3;2;1;1;3
222;1,04;09/04/2014;4;2;14:45:21;15:15:49;2;18;1;1996;1;0;0;0;1;2;2;0;1;4;5;5;5;4;5;5;2;2;1;2;2;2;2;2;2;2;1;1
223;0,51;09/04/2014;4;2;14:52:18;15:20:26;2;35;4;1979;1;0;1;1;0;2;2;1;1;2;4;1;1;2;5;5;2;2;1;1;2;1;1;1;1;1;1;1
224;0,57;09/04/2014;4;2;14:56:24;15:25:48;2;50;5;1964;1;0;1;1;0;2;1;1;2;4;4;3;2;3;5;4;5;4;1;1;2;1;1;1;1;2;1;1
225;0,56;09/04/2014;4;2;14:59:07;15:32:32;2;33;3;1981;1;0;1;1;0;2;1;1;1;1;5;1;4;1;5;5;5;1;1;1;1;1;1;1;2;2;1;1
226;0,93;09/04/2014;4;2;15:13:45;15:41:26;2;18;1;1996;1;0;0;0;1;1;2;0;1;2;2;5;3;1;1;1;5;5;1;1;1;1;1;1;1;1;1;1
227;7,25;09/04/2014;4;2;14:43:39;15:42:26;2;58;5;1956;1;0;1;1;1;1;2;0;1;4;4;4;4;1;4;4;2;4;1;1;1;1;2;1;3;3;3;1
228;0,72;09/04/2014;4;2;15:30:22;16:01:31;2;23;2;1991;1;0;0;0;1;2;2;0;1;5;5;5;5;5;5;5;1;5;1;2;2;2;2;2;2;2;1;1
229;4,12;09/04/2014;4;2;15:26:10;16:01:45;1;16;1;1998;1;0;0;0;1;2;2;0;1;5;5;4;2;1;5;5;1;5;1;2;2;2;2;2;2;2;1;1
230;0,77;09/04/2014;4;2;15:44:01;16:09:50;1;41;4;1973;1;0;0;0;1;2;2;0;1;5;4;5;5;5;5;5;2;4;1;2;2;2;2;2;2;2;1;1
231;0,77;09/04/2014;4;2;15:53:51;16:18:49;2;18;1;1996;1;0;1;1;0;1;1;1;1;2;2;2;2;2;1;1;5;5;1;1;1;1;1;1;1;1;1;1
232;0,83;09/04/2014;4;2;15:57:13;16:20:33;2;22;2;1992;1;0;0;1;0;1;1;1;1;1;1;1;1;1;1;1;3;1;1;1;1;1;1;1;1;1;1;1
233;0,72;09/04/2014;4;2;16:29:13;16:44:03;1;52;5;1962;1;1;0;1;0;2;1;1;3;5;5;4;4;5;4;5;4;4;1;3;2;1;1;1;2;2;1;1
234;6,44;09/04/2014;4;2;16:09:54;16:44:44;1;51;5;1963;1;0;1;1;0;2;2;1;1;2;4;5;4;1;4;4;5;4;1;1;2;1;1;1;2;1;2;1
235;0,83;09/04/2014;4;2;16:29:21;16:50:14;1;19;1;1995;1;0;1;1;0;2;1;1;1;5;5;5;4;3;5;5;3;5;1;2;2;1;2;1;2;2;1;1
236;0,62;09/04/2014;4;2;16:34:15;16:53:48;2;50;5;1964;1;0;0;0;1;2;2;0;1;5;5;3;3;5;5;5;5;3;1;2;2;1;2;2;2;2;2;1
238;0,66;09/04/2014;4;2;16:47:34;17:08:25;1;50;5;1964;1;0;0;1;0;2;1;1;3;3;5;3;3;3;1;5;3;1;1;1;1;1;1;1;1;2;1;1
240;4,86;09/04/2014;4;2;16:55:30;17:33:03;1;19;1;1995;1;0;1;1;0;1;2;1;2;3;5;1;1;3;5;5;5;2;1;1;2;1;1;1;2;2;2;1
242;1,92;10/04/2014;4;3;14:01:16;14:31:09;1;26;3;1988;1;0;0;0;1;2;2;0;1;5;1;5;5;1;4;5;1;5;1;1;1;2;2;1;2;2;1;2
243;5,61;10/04/2014;4;3;14:19:16;14:41:09;2;22;2;1992;1;0;0;1;0;2;1;1;1;2;2;4;4;2;4;4;2;2;1;1;2;1;1;1;1;1;1;1
244;0,54;10/04/2014;4;3;14:35:41;14:48:17;1;49;4;1965;1;0;1;1;0;2;1;1;5;2;5;3;3;3;5;5;5;3;1;1;1;1;1;1;2;2;1;1
245;0,61;10/04/2014;4;3;14:27:28;14:55:50;1;42;4;1972;1;0;1;1;0;1;2;1;1;1;1;4;4;2;4;5;5;1;1;1;1;1;1;1;1;1;2;1
247;1,02;10/04/2014;4;3;14:35:48;15:16:42;1;41;4;1973;1;0;1;1;0;1;2;1;1;3;1;1;3;3;3;3;4;4;1;1;1;1;1;1;1;1;2;1
248;3,11;10/04/2014;4;3;14:46:17;15:26:37;2;33;3;1981;1;0;1;1;0;2;2;1;1;1;5;1;1;1;5;5;5;1;1;1;2;1;1;1;2;2;2;1
25;0,67;31/03/2014;3;7;17:06:49;17:41:15;1;33;3;1981;1;0;1;1;0;1;2;1;1;1;1;1;2;1;1;2;5;1;1;1;1;1;1;1;1;1;2;1
250;3,42;10/04/2014;4;3;15:13:57;15:46:02;1;18;1;1996;1;0;1;1;1;2;2;0;1;5;5;5;5;4;5;5;4;1;1;1;2;2;2;1;2;2;1;1
252;1,01;10/04/2014;4;3;15:42:32;16:02:30;2;30;3;1984;1;0;0;1;0;2;1;1;1;3;5;2;4;1;5;5;2;4;1;1;2;1;1;1;3;1;1;1
253;6,05;10/04/2014;4;3;15:34:30;16:04:12;1;38;4;1976;1;0;1;1;0;1;2;1;1;4;1;1;4;4;3;4;2;1;1;1;1;1;1;1;1;1;1;1
256;4,29;10/04/2014;4;3;16:25:43;16:43:33;2;16;1;1998;1;0;0;1;0;1;1;1;1;5;2;1;3;5;5;5;5;3;1;1;1;1;1;1;1;1;2;1
26;0,61;01/04/2014;4;1;14:03:39;14:28:04;2;45;4;1969;1;0;1;1;0;1;2;1;1;2;1;1;2;1;3;5;5;3;1;1;1;1;1;1;1;1;2;1
260;2,95;10/04/2014;4;3;16:52:50;17:07:13;2;18;1;1996;1;0;1;1;0;2;2;1;2;5;5;3;3;5;5;5;5;5;1;1;2;1;1;1;2;2;1;1
261;0,79;10/04/2014;4;3;16:56:01;17:13:20;1;18;1;1996;1;0;0;1;0;2;1;1;1;4;1;1;4;5;1;1;5;4;1;1;1;1;1;1;1;1;1;1
262;4,19;10/04/2014;4;3;16:59:08;17:15:28;2;18;1;1996;0;0;0;0;0;2;2;0;1;4;4;4;5;3;5;5;3;4;;;;;;;;;;
263;0,66;10/04/2014;4;3;16:56:02;17:16:58;2;16;1;1998;1;0;1;1;1;2;2;0;1;3;5;5;4;4;3;2;3;2;1;1;3;1;1;1;1;1;1;1
266;0,55;11/04/2014;4;4;14:22:58;14:34:31;1;41;4;1973;0;0;0;0;0;2;2;0;5;5;5;5;5;5;5;5;5;5;;;;;;;;;;
267;0,75;11/04/2014;4;4;14:18:00;14:39:59;1;49;4;1965;1;0;1;1;0;1;1;1;1;2;2;2;3;1;4;1;4;3;1;1;1;1;1;1;1;1;1;1
269;0,51;11/04/2014;4;4;14:35:24;15:00:30;1;23;2;1991;1;0;1;1;1;2;2;0;1;3;5;1;3;3;5;5;3;1;1;1;2;1;1;1;2;3;1;1
27;0,53;01/04/2014;4;1;14:19:07;14:39:49;1;34;3;1980;1;0;1;1;0;1;2;1;3;3;1;2;2;3;5;5;5;3;1;1;1;1;1;1;1;1;2;1
270;0,52;11/04/2014;4;4;15:02:44;15:17:01;2;32;3;1982;1;0;0;1;0;2;1;1;5;5;5;3;3;5;5;5;5;3;1;1;1;1;1;1;2;3;2;1
272;1;11/04/2014;4;4;15:05:17;15:21:41;2;58;5;1956;1;0;1;1;0;2;2;1;5;1;5;1;1;1;5;5;5;1;1;1;2;1;1;1;3;1;1;1
274;0,52;11/04/2014;4;4;15:04:12;15:28:07;1;42;4;1972;1;0;0;1;0;1;1;1;4;4;2;4;4;4;5;5;4;3;1;1;1;1;1;1;1;1;1;1
275;5,4;11/04/2014;4;4;15:08:44;15:46:06;2;46;4;1968;1;0;0;1;0;2;1;1;1;1;5;2;2;2;5;5;4;3;1;1;2;1;1;1;1;3;1;1
277;0,66;11/04/2014;4;4;15:41:02;16:03:35;2;27;3;1987;1;1;0;1;0;2;1;1;1;3;5;3;3;2;5;5;3;5;1;1;2;1;1;1;2;2;1;1
278;0,7;11/04/2014;4;4;15:50:29;16:29:03;1;22;2;1992;1;0;0;0;1;2;2;0;1;5;5;3;5;5;5;5;1;1;1;2;2;1;2;2;2;2;1;1
279;0,74;11/04/2014;4;4;16:24:58;16:57:11;1;14;1;2000;1;0;1;1;0;2;2;1;1;1;5;1;1;4;1;1;1;4;1;1;2;1;1;1;1;1;1;1
28;0,57;01/04/2014;4;1;14:16:49;14:53:58;1;24;2;1990;1;0;1;1;0;1;2;1;2;4;2;4;3;4;5;3;5;2;1;1;1;1;1;1;1;1;1;1
280;7,42;11/04/2014;4;4;16:40:24;17:02:48;2;35;4;1979;1;0;1;1;0;1;2;1;1;1;3;5;3;1;1;3;5;3;1;1;1;3;1;1;1;1;2;3
281;0,77;11/04/2014;4;4;16:51:57;17:06:58;2;17;1;1997;1;0;1;1;0;2;1;1;1;1;5;5;5;1;5;5;4;5;1;2;1;1;2;1;2;2;1;1
282;0,54;11/04/2014;4;4;16:46:33;17:23:37;1;31;3;1983;1;0;1;1;0;2;2;1;1;5;5;4;4;5;1;1;5;4;1;1;2;1;1;1;1;1;2;1
283;1,33;11/04/2014;4;4;17:09:41;17:32:54;2;16;1;1998;1;0;0;0;1;2;2;0;1;5;5;5;5;5;5;5;3;3;1;2;2;2;2;2;2;2;1;1
284;0,64;11/04/2014;4;4;17:17:18;17:38:49;2;18;1;1996;1;0;0;0;1;2;2;0;3;5;5;5;5;5;5;5;5;3;1;2;2;2;2;2;2;2;1;1
285;2,37;11/04/2014;4;4;17:20:18;17:39:13;2;17;1;1997;1;0;0;0;1;2;2;0;1;5;5;5;5;5;5;5;1;2;1;2;2;2;2;2;2;2;1;1
286;0,66;11/04/2014;4;4;17:24:33;17:42:30;2;26;3;1988;1;1;0;1;0;2;1;1;1;4;5;1;1;1;4;4;3;1;1;1;2;1;1;1;1;2;1;1
287;0,65;11/04/2014;4;4;17:12:16;17:43:49;2;29;3;1985;1;0;1;1;0;2;2;1;1;1;2;1;1;1;4;3;1;1;1;1;2;1;1;1;1;1;1;1
288;1,12;11/04/2014;4;4;17:19:29;17:44:59;2;20;2;1994;1;0;1;1;1;2;2;0;1;4;5;5;5;4;1;4;1;5;1;1;2;2;1;1;1;2;1;1
289;0,51;12/04/2014;4;5;14:00:11;14:17:53;2;30;3;1984;1;0;1;1;0;2;2;1;4;3;5;3;2;5;5;5;5;3;1;1;2;1;1;1;1;1;1;1
29;1,14;01/04/2014;4;1;14:33:10;14:55:20;1;61;5;1953;1;0;1;1;0;2;2;1;4;4;1;3;5;2;5;5;5;1;1;1;2;1;2;1;2;2;2;1
290;2,48;12/04/2014;4;5;14:00:25;14:21:18;2;17;1;1997;1;0;1;1;0;1;2;1;1;5;4;4;3;4;3;2;5;5;1;1;1;1;1;1;1;1;2;1
291;0,67;12/04/2014;4;5;14:02:41;14:25:23;2;40;4;1974;1;0;1;1;0;2;2;1;3;3;5;3;3;3;5;5;5;1;1;1;2;1;1;1;2;2;2;1
293;0,68;12/04/2014;4;5;14:25:31;14:38:47;1;27;3;1987;0;0;0;0;0;2;2;0;3;5;5;5;5;5;5;5;5;5;;;;;;;;;;
294;0,68;12/04/2014;4;5;14:22:34;14:42:40;2;27;3;1987;1;0;1;1;0;2;2;1;1;1;5;2;2;2;5;3;3;5;1;1;2;1;1;1;1;1;1;2
295;5,33;12/04/2014;4;5;14:41:36;15:02:55;1;15;1;1999;1;0;0;1;0;2;1;1;1;5;4;1;3;4;1;5;3;5;1;1;2;1;1;1;1;2;1;1
296;0,79;12/04/2014;4;5;14:51:09;15:07:34;1;50;5;1964;0;0;0;0;0;2;2;0;1;5;3;3;5;1;5;3;1;1;;;;;;;;;;
299;0,55;12/04/2014;4;5;14:45:48;15:33:04;2;20;2;1994;1;0;0;0;1;2;2;0;1;4;4;4;5;1;5;4;1;4;1;2;2;2;2;1;1;2;1;1
30;0,76;01/04/2014;4;1;14:37:28;15:09:11;2;28;3;1986;1;0;0;1;1;2;2;0;1;1;4;1;4;3;1;4;4;4;1;1;2;2;1;1;1;1;1;1
300;6,92;12/04/2014;4;5;15:15:51;15:35:18;2;35;4;1979;1;0;1;1;0;1;2;1;1;1;1;1;3;1;5;1;1;1;1;1;1;1;1;1;1;1;2;1
301;0,5;12/04/2014;4;5;15:49:45;16:09:54;2;30;3;1984;1;0;1;1;0;1;2;1;1;4;1;1;1;4;3;3;5;4;1;1;1;1;1;1;1;1;2;1
302;1,14;12/04/2014;4;5;15:55:24;16:11:19;1;51;5;1963;1;0;0;1;0;1;1;1;1;4;1;4;3;4;5;5;5;3;1;1;1;1;1;1;1;1;2;1
303;0,8;12/04/2014;4;5;15:54:15;16:16:51;2;24;2;1990;1;0;1;1;0;1;2;1;1;3;4;1;4;4;1;1;5;5;1;1;1;1;1;1;1;1;2;1
305;0,56;12/04/2014;4;5;16:17:10;16:29:30;2;41;4;1973;1;1;0;1;0;2;1;1;4;4;5;3;3;3;5;5;4;3;1;3;2;1;1;1;1;3;1;1
307;0,89;12/04/2014;4;5;16:20:42;16:43:36;1;54;5;1960;1;0;0;0;1;2;2;0;1;5;5;1;5;5;5;5;3;1;1;2;2;1;2;2;2;1;1;1
308;0,69;12/04/2014;4;5;16:28:34;16:44:36;2;58;5;1956;1;0;1;1;1;1;2;0;1;3;1;1;4;3;5;5;5;2;1;1;1;1;1;1;2;2;2;1
309;0,54;12/04/2014;4;5;16:45:47;16:55:47;1;29;3;1985;0;0;0;0;0;2;2;0;4;5;4;4;4;5;5;5;4;4;;;;;;;;;;
31;8,26;01/04/2014;4;1;14:43:11;15:10:42;1;59;5;1955;1;0;1;1;0;1;2;1;1;1;1;1;1;1;4;3;5;1;1;1;1;1;1;1;1;1;2;1
310;0,59;12/04/2014;4;5;16:34:07;16:57:43;1;38;4;1976;1;0;1;1;0;2;2;1;1;4;4;4;5;5;5;4;5;4;1;1;1;1;1;1;1;2;2;1
311;4,42;12/04/2014;4;5;16:42:36;17:14:09;1;17;1;1997;1;0;0;1;0;2;1;1;1;4;5;4;2;4;5;5;2;5;1;1;2;1;1;1;2;3;1;1
312;5,05;12/04/2014;4;5;16:43:37;17:14:47;1;41;4;1973;1;0;0;1;0;2;1;1;2;2;5;2;5;4;5;5;4;2;1;1;2;1;3;1;3;2;1;1
313;0,5;13/04/2014;4;6;14:06:37;14:27:18;1;19;1;1995;1;0;1;1;0;2;2;1;1;3;4;3;3;3;4;4;1;4;1;1;2;1;1;1;1;1;1;1
314;1,63;13/04/2014;4;6;14:00:45;14:28:46;2;13;1;2001;1;0;1;1;0;2;2;1;1;5;5;5;4;5;5;5;1;5;1;1;2;1;1;1;2;2;1;1
315;0,64;13/04/2014;4;6;14:18:42;14:40:00;1;45;4;1969;1;0;1;1;0;1;2;1;1;3;1;4;3;3;4;4;4;4;1;1;1;1;1;1;1;1;2;1
316;0,57;13/04/2014;4;6;14:12:42;14:41:40;2;35;4;1979;1;0;0;1;0;2;1;1;3;4;3;3;3;3;5;5;2;2;1;1;2;1;1;1;2;2;1;1
317;0,67;13/04/2014;4;6;14:19:33;14:42:25;2;15;1;1999;1;0;0;1;0;1;2;1;1;4;1;5;4;1;1;1;4;4;1;1;1;1;1;1;1;1;1;1
318;0,67;13/04/2014;4;6;14:36:02;15:00:29;1;17;1;1997;1;0;0;0;1;2;2;0;3;5;5;5;5;4;3;5;4;3;1;2;2;2;2;2;2;2;1;1
319;1,02;13/04/2014;4;6;14:38:29;15:01:06;1;18;1;1996;1;0;1;1;0;2;2;1;1;4;5;5;5;5;1;2;5;5;1;1;2;1;1;2;1;2;1;1
32;4,44;01/04/2014;4;1;14:55:35;15:13:55;2;21;2;1993;1;0;1;1;0;2;2;1;3;5;5;4;3;5;3;5;1;3;1;1;2;1;1;1;2;2;1;1
321;1,91;13/04/2014;4;6;14:34:00;15:06:55;2;17;1;1997;1;0;0;0;1;2;2;0;1;5;5;5;5;5;5;5;2;3;1;2;2;2;2;2;2;2;1;1
323;0,88;13/04/2014;4;6;15:05:15;15:21:07;1;50;5;1964;1;0;0;1;0;2;1;1;3;5;5;5;3;5;5;5;3;1;1;1;2;2;1;1;2;2;1;1
324;0,54;13/04/2014;4;6;15:04:57;15:26:32;2;33;3;1981;1;0;1;1;0;2;1;1;1;1;5;1;1;1;1;1;3;3;1;1;2;1;1;1;1;1;1;1
325;2,73;13/04/2014;4;6;15:07:54;15:36:09;1;15;1;1999;1;0;0;1;0;2;1;1;1;1;4;1;1;1;5;5;1;5;1;1;2;1;1;1;2;2;1;1
326;0,7;13/04/2014;4;6;15:47:19;16:10:30;2;16;1;1998;1;0;0;1;0;2;1;1;1;3;5;1;2;3;5;5;3;1;1;1;2;1;1;1;2;2;1;1
327;4,52;13/04/2014;4;6;15:46:27;16:23:02;2;20;2;1994;1;0;1;1;0;2;2;1;1;2;5;3;3;3;5;5;5;4;1;1;1;1;3;1;1;1;2;1
328;7,12;13/04/2014;4;6;16:20:58;16:37:52;2;65;5;1949;1;0;0;0;1;2;2;0;1;5;5;5;5;5;5;5;3;1;1;2;2;2;2;2;2;2;1;1
329;0,72;13/04/2014;4;6;16:12:56;16:40:13;1;43;4;1971;1;0;1;1;0;1;2;1;1;3;2;1;4;5;4;5;3;3;1;1;1;1;1;1;1;3;1;1
33;0,66;01/04/2014;4;1;15:06:58;15:27:37;1;42;4;1972;1;0;1;1;0;1;2;1;1;4;1;1;5;2;5;5;5;4;1;1;1;1;1;1;2;2;2;1
330;7,09;13/04/2014;4;6;16:29:29;16:43:25;2;45;4;1969;1;0;1;1;0;1;2;1;1;3;1;5;5;1;5;3;5;5;1;1;1;1;1;1;1;1;1;1
331;2,44;13/04/2014;4;6;16:36:26;16:56:35;1;20;2;1994;1;0;1;1;0;1;2;1;1;5;1;5;4;5;1;4;4;5;1;1;1;1;1;1;1;1;2;1
332;0,75;13/04/2014;4;6;16:44:25;16:58:38;1;63;5;1951;0;0;0;0;0;2;2;0;4;5;5;5;5;5;5;5;5;5;;;;;;;;;;
334;0,61;13/04/2014;4;6;16:43:24;17:17:17;1;37;4;1977;1;0;0;0;1;2;2;0;1;5;5;2;1;5;5;5;4;1;1;2;2;2;2;2;2;2;1;1
335;0,63;13/04/2014;4;6;16:59:21;17:35:49;2;30;3;1984;1;0;1;1;0;2;2;1;1;4;5;4;5;4;5;4;1;1;1;2;2;2;2;2;2;2;1;1
336;0,55;14/04/2014;4;7;14:17:57;14:29:44;1;25;3;1989;0;0;0;0;0;2;2;0;5;5;4;4;4;5;5;5;5;4;;;;;;;;;;
337;0,65;14/04/2014;4;7;14:09:18;14:34:47;2;30;3;1984;1;0;0;0;1;2;2;0;1;4;4;4;4;1;4;5;1;4;1;1;1;2;2;1;2;2;1;2
339;0,54;14/04/2014;4;7;14:35:57;14:53:09;2;31;3;1983;1;0;0;1;0;2;1;1;1;1;5;1;5;1;5;3;5;1;1;1;1;1;2;1;2;1;1;1
34;6,75;01/04/2014;4;1;15:12:53;15:30:26;2;30;3;1984;1;0;1;1;0;2;2;1;2;3;5;3;1;3;5;5;3;3;1;1;2;1;1;1;1;2;1;1
340;0,56;14/04/2014;4;7;14:31:50;14:58:46;1;47;4;1967;1;0;1;1;0;1;1;1;2;3;1;3;5;4;5;5;2;5;1;1;1;1;1;1;2;1;1;1
342;0,5;14/04/2014;4;7;14:56:50;15:09:18;2;26;3;1988;0;0;0;0;0;2;2;0;4;5;4;3;3;5;5;5;5;4;;;;;;;;;;
343;0,61;14/04/2014;4;7;14:53:13;15:10:22;2;36;4;1978;1;0;1;1;0;2;1;1;3;3;5;1;1;2;5;5;5;2;1;1;2;1;1;1;2;2;1;1
344;0,51;14/04/2014;4;7;14:57:03;15:16:06;2;33;3;1981;1;0;0;1;0;2;1;1;2;2;4;2;1;2;5;5;3;4;1;1;2;1;1;1;3;3;1;1
345;0,5;14/04/2014;4;7;15:22:41;15:38:29;2;30;3;1984;1;0;1;1;0;1;2;1;3;1;1;1;3;5;5;5;5;3;1;1;1;1;1;1;1;1;3;1
346;7,47;14/04/2014;4;7;15:28:16;15:46:50;2;43;4;1971;1;0;1;1;0;2;2;1;1;4;3;3;5;4;5;5;4;3;1;1;1;1;2;2;2;2;1;1
347;5,78;14/04/2014;4;7;15:28:48;15:49:57;1;20;2;1994;1;0;1;1;0;2;2;1;1;2;1;5;3;5;1;1;1;2;1;1;2;2;1;1;1;1;1;1
35;0,5;01/04/2014;4;1;15:31:09;15:51:37;2;32;3;1982;0;0;0;0;0;2;2;0;3;5;5;3;2;5;5;5;4;3;;;;;;;;;;
351;3,84;15/04/2014;4;1;14:52:48;15:11:43;1;27;3;1987;1;0;1;1;0;2;2;1;1;1;1;1;3;1;1;1;2;1;1;1;1;1;1;1;1;1;1;1
354;1,07;15/04/2014;4;1;14:54:19;15:17:43;1;17;1;1997;1;0;0;0;1;2;2;0;1;5;5;5;5;5;5;5;3;5;1;2;2;2;1;2;2;2;1;1
355;1,78;15/04/2014;4;1;14:58:12;15:21:44;2;16;1;1998;1;0;1;1;1;2;2;0;1;5;5;5;5;5;5;5;4;4;1;2;2;2;2;2;2;2;1;1
356;0,51;15/04/2014;4;1;15:08:02;15:28:57;2;46;4;1968;1;0;0;0;1;2;2;0;1;5;5;5;5;5;5;5;5;2;1;2;2;2;2;2;2;2;1;1
358;0,7;15/04/2014;4;1;15:45:03;15:59:00;2;13;1;2001;1;0;1;1;0;2;1;1;3;3;5;2;2;5;5;5;5;3;1;1;2;1;1;1;2;2;1;1
359;0,7;15/04/2014;4;1;15:45:41;16:03:18;1;18;1;1996;1;0;0;0;1;2;2;0;3;5;1;3;4;3;1;3;1;5;1;2;2;2;2;2;2;2;1;1
36;0,8;01/04/2014;4;1;15:35:33;15:54:53;2;64;5;1950;1;0;0;1;0;2;1;1;1;3;5;2;3;3;5;5;3;3;1;1;2;1;2;1;1;2;1;1
360;0,6;15/04/2014;4;1;15:50:50;16:07:59;1;33;3;1981;1;0;0;0;1;2;2;0;1;5;5;5;5;5;5;5;3;3;1;2;2;2;2;2;2;2;1;1
362;1,12;15/04/2014;4;1;16:07:58;16:37:59;1;28;3;1986;1;0;1;1;0;1;2;1;1;1;1;1;3;1;1;2;4;1;1;1;1;1;1;1;1;1;1;1
363;6,71;15/04/2014;4;1;16:04:51;16:41:53;2;32;3;1982;1;0;1;1;0;2;2;1;1;1;5;3;5;3;5;5;3;5;1;1;2;1;1;1;1;2;1;2
366;0,49;15/04/2014;4;1;16:40:22;16:59:22;2;27;3;1987;1;0;1;1;0;1;2;1;1;4;2;2;2;4;4;4;3;2;1;1;1;1;1;1;1;1;1;1
368;1,4;15/04/2014;4;1;16:39:43;17:07:51;1;33;3;1981;1;0;0;1;0;2;1;1;1;3;5;3;5;2;5;5;2;2;1;1;2;1;1;1;1;1;1;1
369;0,87;15/04/2014;4;1;16:52:32;17:11:27;2;35;4;1979;1;0;1;1;0;1;2;1;3;1;1;1;2;1;5;5;5;2;1;1;1;1;1;1;1;1;2;1
371;0,62;16/04/2014;4;2;14:05:53;14:34:36;1;40;4;1974;1;0;1;1;0;1;2;1;2;2;2;2;3;1;5;5;5;2;1;1;1;1;1;1;2;2;2;1
372;0,76;16/04/2014;4;2;14:03:18;14:44:33;1;38;4;1976;1;0;1;1;0;1;2;1;1;4;4;1;2;1;1;4;1;1;1;1;1;1;1;1;1;1;1;1
373;0,73;16/04/2014;4;2;14:20:13;14:46:57;1;60;5;1954;1;0;1;1;0;2;1;1;4;5;5;2;4;5;5;5;5;1;1;1;2;1;1;1;2;2;1;1
374;0,62;16/04/2014;4;2;14:27:18;14:47:23;1;43;4;1971;1;0;0;1;0;2;1;1;5;5;5;5;3;5;5;5;5;5;1;2;2;1;1;1;2;2;2;2
375;5,08;16/04/2014;4;2;14:36:48;15:06:47;2;24;2;1990;1;0;1;1;0;1;2;1;1;5;3;3;3;3;1;5;2;5;1;1;1;1;1;1;1;1;1;1
377;5,53;16/04/2014;4;2;14:46:06;15:21:17;1;34;3;1980;0;0;0;0;0;2;2;0;4;5;5;5;5;5;5;5;5;5;;;;;;;;;;
378;0,64;16/04/2014;4;2;14:57:48;15:25:15;1;18;1;1996;1;0;0;0;1;2;2;0;1;5;5;5;5;5;3;5;1;3;1;2;2;2;2;2;2;2;1;1
379;4,8;16/04/2014;4;2;14:48:15;15:28:47;1;21;2;1993;1;0;0;1;0;2;1;1;1;4;5;4;4;3;5;4;2;4;1;1;3;1;1;1;3;1;1;3
38;0,63;01/04/2014;4;1;15:52:41;16:08:52;1;43;4;1971;1;0;1;1;0;1;2;1;3;3;1;1;3;3;5;5;5;3;1;1;1;1;1;1;1;1;2;1
380;3,46;16/04/2014;4;2;15:27:56;15:48:24;2;34;3;1980;1;0;0;0;1;2;2;0;1;5;5;5;5;5;5;5;3;2;1;2;2;2;2;2;2;2;1;1
381;0,53;16/04/2014;4;2;15:37:59;15:49:10;2;48;4;1966;1;0;0;1;0;2;1;1;3;1;5;3;1;1;5;5;3;4;1;1;2;1;1;1;2;2;1;1
382;0,86;16/04/2014;4;2;15:34:40;15:51:14;1;41;4;1973;1;0;1;1;0;2;1;1;1;1;4;1;3;1;3;1;3;3;1;1;1;1;1;1;1;2;1;1
385;0,61;16/04/2014;4;2;16:07:12;16:30:04;1;25;3;1989;1;0;0;0;1;2;2;0;1;5;5;5;5;5;5;4;3;4;1;2;2;2;2;2;2;1;2;1
387;6,36;16/04/2014;4;2;16:08:09;16:34:07;2;33;3;1981;1;0;1;1;0;2;2;1;1;2;2;4;4;1;3;5;2;2;1;1;1;1;1;1;2;2;1;1
388;1,01;16/04/2014;4;2;16:11:09;16:40:47;2;14;1;2000;1;0;1;1;0;1;2;1;1;5;5;2;2;3;2;3;3;5;1;1;3;1;1;1;1;1;1;1
391;0,96;16/04/2014;4;2;16:46:19;17:08:01;2;18;1;1996;1;0;1;1;0;2;2;1;1;1;5;1;1;1;1;1;5;3;1;1;1;1;1;1;1;1;2;1
392;0,6;16/04/2014;4;2;16:38:26;17:11:42;2;17;1;1997;1;0;0;0;1;2;2;0;1;4;5;4;4;4;1;1;1;4;1;2;2;1;2;2;2;2;1;1
394;0,53;17/04/2014;4;3;14:03:04;14:34:04;1;23;2;1991;1;0;0;0;1;2;2;0;2;3;5;5;4;5;3;3;5;4;1;2;2;2;1;2;2;2;1;1
395;4,76;17/04/2014;4;3;14:13:23;14:34:39;1;17;1;1997;1;0;1;1;0;2;2;1;2;2;4;2;3;5;5;4;2;4;1;1;2;1;1;2;1;2;1;1
396;4,76;17/04/2014;4;3;14:35:59;14:51:21;1;16;1;1998;1;1;0;1;0;2;1;1;1;4;5;1;4;4;4;5;2;4;1;1;2;1;1;1;1;1;1;1
397;2,07;17/04/2014;4;3;14:33:54;14:58:35;2;43;4;1971;1;0;0;1;0;1;1;1;2;2;2;1;4;2;4;4;4;2;1;1;1;1;1;1;2;2;1;1
398;0,54;17/04/2014;4;3;14:40:00;15:01:34;2;25;3;1989;1;0;1;1;0;2;2;1;1;1;5;4;1;3;5;5;5;3;1;1;2;1;1;1;2;1;2;1
4;0,84;31/03/2014;3;7;14:29:21;14:53:32;2;28;3;1986;1;1;0;1;0;2;1;1;1;1;5;1;2;2;5;5;2;2;1;1;2;1;1;1;1;2;1;1
40;1,36;01/04/2014;4;1;16:12:35;16:35:06;1;25;3;1989;1;0;1;1;0;2;2;1;1;5;1;1;1;5;5;4;1;4;1;1;2;2;1;2;1;1;1;1
401;0,53;17/04/2014;4;3;14:55:57;15:19:00;2;48;4;1966;1;0;1;1;0;2;2;1;1;3;3;1;5;1;5;5;1;1;1;1;1;1;1;1;1;1;1;1
402;0,58;17/04/2014;4;3;15:02:39;15:22:22;1;41;4;1973;1;0;1;1;0;2;1;1;5;3;5;3;2;3;5;5;5;3;1;1;2;1;1;1;1;2;1;1
403;0,67;17/04/2014;4;3;15:09:56;15:32:37;1;47;4;1967;1;0;1;1;0;2;2;1;1;1;5;1;4;1;5;4;4;3;1;1;2;1;1;1;1;2;1;1
404;4,55;17/04/2014;4;3;15:16:13;15:41:24;2;36;4;1978;1;0;1;1;0;1;1;1;1;2;2;2;3;2;4;5;5;3;1;1;1;1;1;1;1;1;1;1
405;0,64;17/04/2014;4;3;15:26:20;15:47:01;2;38;4;1976;1;1;0;1;0;1;1;1;1;3;2;1;4;4;3;4;2;2;1;1;1;1;1;1;1;1;1;1
406;0,57;17/04/2014;4;3;15:28:35;15:48:29;2;44;4;1970;1;0;1;1;0;1;2;1;1;1;1;3;3;2;5;5;5;3;1;2;1;1;1;1;1;1;2;1
407;5,43;17/04/2014;4;3;15:25:44;15:53:25;2;27;3;1987;1;0;1;1;0;1;2;1;1;1;2;3;2;1;2;2;4;3;1;1;1;1;1;1;1;1;1;1
409;3,07;17/04/2014;4;3;15:29:47;15:59:30;1;47;4;1967;1;0;1;1;0;1;2;1;1;1;1;1;2;1;2;2;1;1;1;1;1;1;1;1;2;1;1;1
41;2,92;01/04/2014;4;1;16:13:01;16:39:55;1;19;1;1995;1;0;0;0;1;2;2;0;1;1;1;1;3;3;3;3;1;1;1;1;1;1;1;1;2;2;1;1
410;5,73;17/04/2014;4;3;15:57:59;16:29:57;2;30;3;1984;1;0;1;1;0;2;2;1;1;1;5;1;4;1;5;4;5;4;1;1;2;1;1;1;2;1;2;1
411;0,75;17/04/2014;4;3;16:12:01;16:32:10;2;29;3;1985;1;0;0;0;1;2;2;0;1;3;5;5;5;5;5;3;5;5;1;1;2;3;2;1;2;2;3;2
412;0,56;17/04/2014;4;3;16:31:50;16:41:41;1;37;4;1977;0;0;0;0;0;2;2;0;3;5;5;5;4;5;5;5;4;5;;;;;;;;;;
414;0,93;17/04/2014;4;3;16:40:00;16:48:39;1;60;5;1954;0;0;0;0;0;2;2;0;5;5;5;5;5;5;5;5;5;5;;;;;;;;;;
415;4,87;17/04/2014;4;3;16:50:37;17:12:10;1;17;1;1997;1;0;1;1;0;2;2;1;1;3;5;3;2;1;3;3;3;3;1;1;2;1;1;1;1;2;1;1
417;0,78;18/04/2014;4;4;14:14:34;14:40:39;2;18;1;1996;1;0;0;0;1;2;2;0;1;5;5;4;5;5;3;5;3;1;1;2;2;2;2;2;2;2;1;1
418;4,31;18/04/2014;4;4;14:02:46;14:41:38;2;35;4;1979;1;0;1;1;0;2;2;1;1;3;5;3;3;2;5;3;1;3;1;1;2;1;1;1;3;1;1;1
419;7,8;18/04/2014;4;4;14:25:28;14:52:08;1;59;5;1955;1;0;1;1;0;1;2;1;5;5;1;1;3;4;5;5;5;3;1;2;1;1;1;1;3;1;2;1
42;0,58;01/04/2014;4;1;16:27:14;16:45:09;2;15;1;1999;1;0;1;1;0;2;2;1;1;3;1;1;4;1;1;1;4;4;1;1;1;1;1;1;1;1;1;1
420;0,76;18/04/2014;4;4;14:54:00;15:16:45;1;17;1;1997;1;0;1;1;0;2;2;1;4;5;5;2;3;5;5;5;5;3;1;1;2;1;1;1;2;2;2;1
421;0,5;18/04/2014;4;4;14:59:18;15:17:44;2;30;3;1984;1;0;0;1;0;2;1;1;1;1;5;1;2;1;5;3;2;2;1;1;2;1;1;1;2;1;1;1
422;0,82;18/04/2014;4;4;15:05:21;15:21:24;2;15;1;1999;1;1;0;1;0;2;1;1;5;5;5;2;2;3;4;3;2;3;1;1;2;1;1;1;1;1;1;1
424;0,62;18/04/2014;4;4;15:24:10;15:57:43;2;36;4;1978;1;0;0;1;0;2;1;1;1;3;1;3;4;3;4;4;2;1;1;1;1;1;1;1;1;1;1;1
425;2,03;18/04/2014;4;4;15:46:04;16:01:06;2;37;4;1977;1;1;0;1;0;2;1;1;3;1;5;3;2;1;3;5;3;2;1;1;1;1;1;1;1;2;1;1
427;1,06;18/04/2014;4;4;15:58:17;16:14:11;1;37;4;1977;1;0;0;0;1;2;2;0;4;5;5;5;5;5;5;5;3;4;1;2;2;2;2;2;2;2;1;1
429;0,59;18/04/2014;4;4;16:19:26;16:38:00;1;42;4;1972;1;0;1;1;0;1;2;1;2;3;3;3;5;3;5;5;5;4;1;1;1;1;1;1;3;1;2;1
43;1,41;01/04/2014;4;1;16:22:20;16:47:54;2;30;3;1984;1;0;1;1;0;2;2;1;1;2;2;1;4;2;5;5;5;4;1;1;1;1;1;1;2;1;2;1
430;4,32;18/04/2014;4;4;16:12:31;16:38:16;1;19;1;1995;1;0;0;0;1;2;2;0;3;5;5;4;5;5;5;5;3;5;1;2;2;2;2;2;2;2;1;1
431;0,53;18/04/2014;4;4;16:20:11;16:42:23;1;28;3;1986;1;1;0;1;0;2;1;1;1;4;5;1;3;3;5;5;3;3;1;1;1;1;1;1;2;1;1;1
432;2,28;18/04/2014;4;4;16:12:17;16:52:40;2;14;1;2000;1;0;1;1;0;2;2;1;1;4;1;3;2;5;1;1;3;5;1;1;1;1;1;2;1;1;2;1
433;2,28;18/04/2014;4;4;16:39:22;17:01:41;2;18;1;1996;1;0;1;1;0;2;2;1;1;5;4;3;3;4;3;3;5;5;1;1;1;1;1;1;1;1;2;1
434;0,56;18/04/2014;4;4;16:39:45;17:04:27;1;45;4;1969;1;0;1;1;0;1;2;1;3;4;1;2;3;4;5;5;5;3;1;1;1;1;1;1;1;2;2;1
435;0,56;18/04/2014;4;4;16:35:27;17:05:24;1;21;2;1993;1;0;1;1;0;2;2;1;5;5;5;5;5;5;5;5;5;5;1;1;2;2;1;1;1;3;1;1
436;0,51;18/04/2014;4;4;17:13:56;17:43:06;1;26;3;1988;1;0;1;1;0;1;2;1;1;2;1;1;1;1;2;4;5;5;1;1;1;1;1;1;1;1;1;1
438;0,69;18/04/2014;4;4;17:27:03;17:53:38;2;17;1;1997;1;0;1;1;0;2;2;1;2;2;5;2;2;2;1;1;1;2;1;1;2;1;1;1;1;2;1;1
439;6,32;19/04/2014;4;5;14:05:21;14:27:01;1;38;4;1976;1;0;0;0;1;2;2;0;1;5;5;5;5;5;5;5;1;1;1;2;2;2;2;2;1;2;1;1
44;5,03;01/04/2014;4;1;16:21:39;16:55:09;2;45;4;1969;1;0;1;1;0;2;2;1;1;3;3;1;1;1;1;3;1;4;1;1;2;1;1;1;1;1;1;1
440;0,58;19/04/2014;4;5;14:22:42;14:39:41;2;28;3;1986;1;0;0;0;1;2;2;0;1;5;5;5;5;5;5;5;4;4;1;2;2;2;2;2;2;2;1;1
441;0,61;19/04/2014;4;5;14:34:17;14:49:54;2;40;4;1974;1;0;1;1;0;1;1;1;4;5;1;3;1;5;5;5;5;3;1;1;1;1;1;1;2;2;2;1
442;0,95;19/04/2014;4;5;14:03:24;14:51:03;1;38;4;1976;1;0;0;1;0;1;1;1;1;1;1;1;5;1;1;5;1;1;1;1;1;1;1;1;1;2;2;1
443;0,62;19/04/2014;4;5;14:40:11;14:57:33;1;34;3;1980;1;0;1;1;0;2;1;1;2;4;5;3;4;4;3;3;3;1;1;1;2;1;1;1;1;2;1;1
444;0,66;19/04/2014;4;5;14:40:42;15:06:32;2;34;3;1980;1;0;1;1;0;1;1;1;1;1;1;1;3;1;3;1;3;3;1;1;1;1;1;1;1;1;1;1
445;1,02;19/04/2014;4;5;15:04:54;15:29:41;1;21;2;1993;1;0;0;1;0;2;1;1;2;2;5;1;3;5;5;5;2;1;1;1;2;1;1;1;2;2;1;1
446;0,63;19/04/2014;4;5;15:01:34;15:37:53;2;18;1;1996;1;0;1;1;0;2;2;1;1;2;1;1;1;1;2;1;1;5;1;1;2;2;3;3;1;2;1;1
447;3,37;19/04/2014;4;5;15:00:40;15:48:32;2;39;4;1975;1;0;0;0;1;2;2;0;1;5;5;5;5;5;5;5;5;4;1;2;2;2;2;2;2;2;1;1
448;2,35;19/04/2014;4;5;15:55:52;16:20:45;2;31;3;1983;1;0;0;1;0;2;1;1;3;5;3;3;2;5;5;5;5;3;1;2;1;1;1;2;2;2;1;1
45;0,5;01/04/2014;4;1;16:38:25;16:56:12;2;27;3;1987;1;1;0;1;0;2;1;1;3;4;4;3;4;5;5;5;4;3;1;1;1;1;1;3;3;2;1;1
451;7,06;19/04/2014;4;5;15:53:47;16:34:49;2;45;4;1969;1;0;0;1;0;1;2;1;1;1;4;1;1;2;1;1;1;3;1;1;1;1;1;1;1;1;1;1
452;0,55;19/04/2014;4;5;16:13:13;16:34:55;1;30;3;1984;1;0;0;0;1;2;2;0;3;5;4;4;5;5;5;5;4;4;1;2;2;2;2;2;2;2;1;1
454;0,62;19/04/2014;4;5;16:34:58;16:47:24;2;54;5;1960;0;0;0;0;0;2;2;0;5;5;5;5;5;5;5;5;5;5;;;;;;;;;;
455;7,21;19/04/2014;4;5;16:26:26;16:49:07;2;48;4;1966;1;0;1;1;0;1;2;1;1;3;3;1;3;1;4;4;5;3;1;1;1;1;1;1;1;1;1;1
457;0,6;19/04/2014;4;5;16:47:56;17:07:40;2;45;4;1969;1;0;1;1;1;1;2;0;1;3;4;1;3;4;3;3;5;4;1;1;1;1;1;1;1;1;2;1
458;0,66;19/04/2014;4;5;16:50:12;17:11:04;2;17;1;1997;1;0;1;1;0;2;1;1;1;4;5;5;5;4;5;5;4;4;1;1;2;3;3;1;3;3;1;1
46;4,58;01/04/2014;4;1;16:47:21;17:21:46;1;44;4;1970;1;0;0;0;1;2;2;0;1;5;4;5;5;5;5;5;4;1;1;2;2;2;2;2;2;2;1;1
464;6,01;20/04/2014;4;6;14:02:19;14:27:36;2;45;4;1969;1;0;1;1;0;2;2;1;1;4;4;4;4;4;5;5;4;4;1;1;2;1;1;1;2;2;1;1
466;3,22;20/04/2014;4;6;14:12:41;14:32:28;2;19;1;1995;1;0;0;0;1;2;2;0;2;5;5;5;5;5;5;5;4;2;1;2;2;2;2;2;2;2;1;1
468;0,88;20/04/2014;4;6;14:16:56;14:40:10;1;58;5;1956;1;0;0;1;0;2;1;1;1;4;3;3;3;3;5;5;5;1;1;1;2;1;1;1;1;2;2;1
469;0,62;20/04/2014;4;6;14:32:41;14:51:04;2;17;1;1997;1;0;1;1;0;2;2;1;5;5;5;5;5;1;5;5;3;4;1;1;2;1;1;1;2;2;1;1
47;0,51;01/04/2014;4;1;17:05:09;17:22:05;1;39;4;1975;1;0;0;1;0;2;1;1;3;5;5;3;3;3;5;5;5;3;1;1;2;1;1;1;2;2;1;1
470;2,05;20/04/2014;4;6;14:27:41;14:53:08;1;27;3;1987;1;0;0;1;0;1;1;1;1;4;1;1;4;4;4;5;1;3;1;1;1;1;1;1;1;1;1;1
471;4,27;20/04/2014;4;6;14:36:11;14:53:47;2;17;1;1997;1;0;1;1;0;1;2;1;1;3;1;1;5;3;1;2;3;3;1;1;1;1;1;1;1;1;1;1
472;0,54;20/04/2014;4;6;14:39:30;14:59:24;1;46;4;1968;1;0;1;1;0;1;2;1;1;2;2;3;3;3;4;3;5;2;1;1;1;1;1;1;1;1;2;1
475;0,86;20/04/2014;4;6;15:08:18;15:33:36;1;16;1;1998;1;0;1;1;0;2;2;1;1;1;3;3;1;1;1;1;3;3;1;1;1;1;1;1;1;1;2;1
476;0,86;20/04/2014;4;6;15:03:43;15:45:45;2;19;1;1995;1;0;0;0;1;2;2;0;1;1;1;1;1;1;1;5;1;1;1;2;2;2;2;2;1;2;1;1
477;0,76;20/04/2014;4;6;15:26:05;15:46:51;1;35;4;1979;1;0;0;0;1;2;2;0;1;5;5;5;5;5;5;4;4;4;1;2;2;2;2;2;2;2;1;1
479;0,65;20/04/2014;4;6;15:48:22;16:25:31;1;29;3;1985;1;0;0;0;1;2;2;0;1;5;5;5;5;5;5;5;4;4;1;2;2;2;2;2;2;2;1;1
481;0,7;20/04/2014;4;6;16:05:45;16:32:28;2;15;1;1999;1;0;0;0;1;2;2;0;1;5;5;5;5;5;5;5;1;1;1;2;2;1;2;2;2;2;1;1
482;0,49;20/04/2014;4;6;16:28:25;16:49:24;2;29;3;1985;1;0;1;1;0;1;2;1;1;4;1;1;4;4;3;4;5;2;1;1;1;1;1;1;1;1;1;1
484;1,05;20/04/2014;4;6;16:46:17;17:10:40;2;44;4;1970;1;0;0;0;1;2;2;0;1;5;5;5;5;5;5;5;1;1;1;2;2;2;2;2;2;2;1;1
485;1,23;20/04/2014;4;6;16:54:15;17:19:34;1;46;4;1968;1;0;1;1;0;2;2;1;1;4;5;2;5;3;5;5;5;5;1;1;2;1;1;1;3;1;2;1
487;6,66;20/04/2014;4;6;16:58:43;17:48:05;1;53;5;1961;1;0;0;0;1;2;2;0;2;2;1;4;5;3;5;3;4;1;1;1;1;2;2;1;2;1;1;1
489;5,83;21/04/2014;4;7;14:22:07;14:33:53;2;30;3;1984;1;0;1;1;0;1;2;1;3;2;2;1;2;4;5;5;4;2;1;1;1;1;1;1;1;1;2;1
49;5,53;01/04/2014;4;1;17:28:14;17:40:28;2;34;3;1980;0;0;0;0;0;2;2;0;4;5;5;4;5;5;5;5;5;3;;;;;;;;;;
490;3,04;21/04/2014;4;7;14:21:00;14:48:00;2;16;1;1998;1;0;0;1;0;1;2;1;1;2;2;3;2;2;1;2;1;4;1;1;1;1;1;1;1;1;1;1
491;4,46;21/04/2014;4;7;14:35:52;14:59:49;1;47;4;1967;1;0;0;0;1;2;2;0;2;5;5;3;5;5;5;5;2;1;1;2;2;2;2;2;2;2;1;1
492;2,86;21/04/2014;4;7;14:42:11;15:01:22;2;18;1;1996;1;0;1;1;1;2;2;0;1;1;5;1;2;1;3;1;1;1;1;1;2;2;2;1;2;1;1;2
494;0,56;21/04/2014;4;7;14:52:56;15:11:35;2;46;4;1968;1;0;1;1;0;2;2;1;2;4;3;1;2;4;5;5;5;1;1;1;1;1;1;1;2;2;1;1
495;6,48;21/04/2014;4;7;14:48:56;15:14:06;1;33;3;1981;1;0;1;1;0;1;2;1;1;2;2;2;2;2;4;3;5;3;1;1;1;1;1;1;1;1;2;1
499;7,47;21/04/2014;4;7;14:58:07;15:30:18;2;35;4;1979;1;0;1;1;0;2;2;1;1;1;4;4;4;2;5;4;4;3;1;1;1;1;1;1;1;1;2;1
5;0,55;31/03/2014;3;7;14:24:44;14:53:33;1;23;2;1991;1;0;0;0;1;2;2;0;1;3;3;3;3;5;5;4;1;1;1;2;2;2;2;2;2;2;1;1
50;1,85;02/04/2014;4;2;14:01:52;14:29:14;1;19;1;1995;1;0;1;1;0;2;2;1;2;3;2;3;3;5;3;2;2;5;1;1;2;1;1;1;1;2;1;1
501;3,81;21/04/2014;4;7;15:12:02;15:32:43;1;15;1;1999;1;0;0;0;1;2;2;0;1;5;5;5;5;5;5;5;1;5;1;2;2;2;2;2;2;2;1;1
502;3,11;21/04/2014;4;7;15:30:08;15:52:19;2;15;1;1999;1;0;1;1;0;2;2;1;1;3;5;5;1;1;3;5;1;5;1;1;2;1;1;1;1;1;1;1
504;0,54;21/04/2014;4;7;15:32:49;15:53:34;2;35;4;1979;1;0;1;1;0;1;1;1;1;1;4;3;4;3;4;4;5;4;1;1;1;1;1;1;1;1;2;1
505;0,54;21/04/2014;4;7;15:33:34;15:53:48;1;23;2;1991;1;0;0;0;1;2;2;0;1;4;4;2;4;4;4;5;1;4;1;2;2;2;2;2;2;2;1;1
507;6,38;21/04/2014;4;7;15:35:06;16:07:16;1;29;3;1985;1;0;0;0;1;2;2;0;1;1;5;5;1;5;5;5;5;5;1;2;2;1;2;2;2;2;2;1
509;0,78;21/04/2014;4;7;16:19:19;16:36:37;2;60;5;1954;1;0;0;1;0;2;1;1;2;5;4;4;5;4;5;5;5;3;1;3;2;1;1;1;3;3;3;1
51;3,84;02/04/2014;4;2;14:15:39;14:44:27;1;30;3;1984;1;0;0;0;1;2;2;0;4;5;4;4;5;5;5;5;4;2;1;2;2;2;2;2;2;2;1;1
510;0,85;21/04/2014;4;7;16:15:54;16:37:45;2;20;2;1994;1;0;0;1;0;1;1;1;1;3;2;2;3;3;4;2;3;2;1;1;1;1;1;1;1;1;1;1
511;1,39;21/04/2014;4;7;16:11:11;16:37:56;2;21;2;1993;1;0;1;1;1;2;2;0;1;5;5;5;5;5;5;5;2;4;1;2;2;2;2;2;2;2;1;1
512;0,91;21/04/2014;4;7;16:15:31;16:41:25;1;49;4;1965;1;0;0;1;0;2;1;1;1;4;5;4;4;1;5;5;2;2;1;1;2;1;1;1;2;1;1;1
513;0,51;21/04/2014;4;7;16:16:13;16:43:21;2;25;3;1989;1;0;0;1;0;1;1;1;1;1;1;4;1;2;5;5;4;1;1;1;2;1;1;1;2;2;1;1
514;0,53;21/04/2014;4;7;16:14:18;16:46:56;2;24;2;1990;0;0;0;0;0;2;2;0;1;5;5;5;5;1;5;2;2;2;;;;;;;;;;
516;0,52;21/04/2014;4;7;17:04:59;17:19:43;1;28;3;1986;1;0;0;0;1;2;2;0;4;5;5;5;5;5;5;5;5;5;1;2;2;2;2;2;2;2;1;1
518;1,47;21/04/2014;4;7;17:25:00;17:50:47;1;17;1;1997;1;0;0;0;1;2;2;0;1;5;5;4;5;1;1;5;2;5;1;2;2;2;2;2;2;2;1;1
519;0,77;21/04/2014;4;7;17:32:03;17:57:52;1;17;1;1997;1;0;0;0;1;2;2;0;1;5;5;5;5;5;5;5;1;1;1;2;2;2;2;2;2;2;1;1
52;4,85;02/04/2014;4;2;14:33:09;15:02:27;2;51;5;1963;1;0;1;1;0;1;2;1;1;1;3;1;4;1;5;2;3;5;1;1;1;1;1;1;1;1;2;1
520;0,53;21/04/2014;4;7;17:27:46;17:58:55;1;32;3;1982;1;0;1;1;0;2;2;1;2;4;5;2;2;4;4;4;2;2;1;1;2;1;1;1;1;1;1;1
521;2,47;21/04/2014;4;7;17:40:19;17:59:48;1;55;5;1959;1;1;0;1;0;2;1;1;3;5;5;5;5;5;5;5;5;2;1;1;1;1;1;1;2;2;1;1
522;2,12;21/04/2014;4;7;17:37:12;18:01:16;1;50;5;1964;1;0;1;1;0;1;1;1;1;4;2;4;5;4;1;2;5;5;1;1;1;1;1;1;1;1;2;1
524;1,41;22/04/2014;4;1;14:02:27;14:23:52;2;30;3;1984;1;0;1;1;1;1;2;0;1;1;1;5;3;1;3;3;1;5;1;1;1;2;1;1;2;1;1;1
526;0,63;22/04/2014;4;1;14:23:08;14:37:32;2;17;1;1997;1;0;1;1;0;2;1;1;1;5;5;4;5;5;5;5;1;3;1;2;2;2;2;1;2;2;1;1
527;3,9;22/04/2014;4;1;14:36:31;15:00:46;2;40;4;1974;1;1;0;1;0;1;1;1;1;4;2;2;3;3;5;5;5;4;1;1;1;1;1;1;2;1;2;1
530;0,55;22/04/2014;4;1;14:53:06;15:10:36;2;42;4;1972;1;0;1;1;0;2;1;1;1;4;4;1;4;4;5;5;3;3;1;1;1;1;1;1;2;2;1;1
531;0,96;22/04/2014;4;1;15:04:09;15:16:47;1;60;5;1954;0;0;0;0;0;2;2;0;4;5;4;4;5;4;5;5;4;4;;;;;;;;;;
532;4,06;22/04/2014;4;1;15:16:48;15:36:31;2;43;4;1971;1;0;1;1;0;1;2;1;1;3;4;3;4;3;4;4;3;3;1;1;1;1;1;1;1;1;1;1
533;0,64;22/04/2014;4;1;15:15:48;15:41:48;2;30;3;1984;1;0;1;1;0;1;2;1;1;4;4;4;5;5;5;5;5;5;1;1;1;1;2;1;2;1;1;1
534;4,13;22/04/2014;4;1;15:38:28;16:00:34;1;16;1;1998;1;0;0;1;0;2;1;1;1;2;5;3;3;3;4;5;3;5;1;1;2;1;1;1;1;2;1;1
536;5,18;22/04/2014;4;1;15:59:43;16:32:18;1;41;4;1973;1;0;0;1;0;1;1;1;1;1;3;1;2;1;3;5;2;1;1;1;1;1;1;1;2;2;1;1
537;0,85;22/04/2014;4;1;15:43:26;16:34:30;2;16;1;1998;1;0;1;1;0;2;2;1;1;5;4;4;4;4;1;1;4;4;1;1;1;1;1;1;1;1;2;1
539;6,55;22/04/2014;4;1;16:21:20;16:44:30;2;27;3;1987;1;0;0;0;1;2;2;0;1;5;5;5;5;5;5;5;5;4;1;2;2;2;2;2;2;2;1;1
54;0,51;02/04/2014;4;2;14:49:42;15:12:14;1;32;3;1982;0;0;0;0;0;2;2;0;3;2;3;2;2;2;5;5;2;1;;;;;;;;;;
540;0,82;22/04/2014;4;1;16:29:02;16:48:18;1;17;1;1997;1;0;1;1;1;1;2;0;1;5;3;2;3;4;1;5;1;3;1;1;1;1;1;1;1;1;1;1
541;0,54;22/04/2014;4;1;16:17:31;16:50:12;1;21;2;1993;1;0;0;1;0;2;1;1;1;4;5;1;3;1;4;4;5;4;1;1;1;1;1;1;1;2;2;1
542;1,27;22/04/2014;4;1;16:33:56;17:03:44;2;20;2;1994;1;0;0;0;1;2;2;0;1;5;5;5;5;5;5;5;1;1;1;2;2;2;2;2;2;2;1;1
543;0,71;22/04/2014;4;1;16:50:13;17:11:10;1;25;3;1989;1;0;1;1;0;2;2;1;1;1;1;1;1;4;5;1;4;1;1;1;2;1;1;1;1;1;1;1
544;0,83;22/04/2014;4;1;16:53:10;17:13:05;1;45;4;1969;1;0;1;1;0;1;2;1;1;5;1;1;4;4;5;4;5;3;1;1;1;1;1;1;2;1;1;1
548;0,55;22/04/2014;4;1;17:39:25;17:58:02;1;37;4;1977;1;1;0;1;0;2;1;1;4;5;5;2;2;5;5;5;5;2;1;1;2;1;1;1;1;2;1;1
549;0,82;23/04/2014;4;2;14:02:05;14:21:02;2;40;4;1974;1;1;0;1;0;2;1;1;5;3;5;4;3;3;5;5;5;1;2;1;2;1;1;1;2;2;2;1
55;6,55;02/04/2014;4;2;14:39:20;15:24:17;1;52;5;1962;1;0;1;1;0;2;2;1;1;4;1;1;1;4;2;4;1;1;1;1;2;1;1;1;1;2;1;1
550;0,49;23/04/2014;4;2;14:07:19;14:31:15;2;28;3;1986;1;0;1;1;0;1;2;1;1;1;1;1;1;4;1;4;4;1;1;1;1;1;1;1;1;1;1;1
551;4,85;23/04/2014;4;2;14:17:38;14:35:37;1;38;4;1976;1;0;0;0;1;2;2;0;1;3;5;5;3;1;3;5;1;1;1;1;2;1;2;2;2;1;1;1
552;0,47;23/04/2014;4;2;14:10:58;14:36:23;1;24;2;1990;1;0;1;1;0;1;2;1;1;3;1;1;3;1;4;4;4;1;1;1;1;1;1;1;1;1;1;1
554;0,61;23/04/2014;4;2;14:51:44;15:05:48;2;17;1;1997;0;0;0;0;0;2;2;0;1;4;5;5;4;5;5;5;4;5;;;;;;;;;;
555;7,61;23/04/2014;4;2;14:53:50;15:09:01;2;54;5;1960;1;0;1;1;0;2;2;1;3;4;5;1;3;3;5;5;5;1;1;1;2;1;1;1;3;2;2;1
556;0,79;23/04/2014;4;2;14:43:21;15:09:15;2;23;2;1991;1;0;1;1;0;2;2;1;1;4;5;4;2;2;2;2;2;5;1;1;1;1;1;1;1;2;1;1
558;2;23/04/2014;4;2;15:04:56;15:27:54;2;18;1;1996;1;0;0;0;1;2;2;0;1;5;5;5;5;5;5;5;4;4;1;2;2;2;2;2;2;2;1;1
561;0,87;23/04/2014;4;2;15:19:26;15:44:20;2;30;3;1984;1;0;0;0;1;2;2;0;1;5;5;5;5;5;5;5;3;1;1;2;2;2;2;2;2;2;2;1
562;0,81;23/04/2014;4;2;15:10:22;15:45:36;1;30;3;1984;0;0;0;0;0;2;2;0;1;4;4;5;4;4;5;5;5;1;;;;;;;;;;
563;1,04;23/04/2014;4;2;15:33:17;15:53:38;1;19;1;1995;1;0;0;1;0;1;2;1;1;3;1;4;1;4;1;3;3;3;1;1;1;1;1;1;1;1;1;1
564;0,52;23/04/2014;4;2;15:47:37;16:08:04;2;25;3;1989;1;0;0;0;1;2;2;0;1;4;5;2;5;4;5;4;4;5;1;1;2;1;2;1;2;2;1;1
566;0,67;23/04/2014;4;2;16:10:40;16:25:01;2;20;2;1994;1;0;0;0;1;2;2;0;3;5;5;5;5;5;5;5;5;5;1;2;2;2;2;2;2;2;1;1
567;0,69;23/04/2014;4;2;16:17:45;16:36:44;2;44;4;1970;1;0;1;1;1;1;2;0;3;3;2;3;5;5;5;5;5;3;1;1;1;1;1;1;2;2;2;1
568;0,84;23/04/2014;4;2;16:19:13;16:37:11;1;62;5;1952;1;0;0;1;0;2;1;1;2;3;3;3;3;3;5;5;2;3;1;1;1;1;1;1;2;1;1;1
57;0,63;02/04/2014;4;2;15:16:38;15:37:08;1;52;5;1962;1;0;1;1;0;1;2;1;1;3;1;3;3;3;5;5;5;3;1;1;1;1;1;1;1;1;2;1
570;0,93;23/04/2014;4;2;16:25:38;16:55:16;1;35;4;1979;1;0;0;0;1;2;2;0;1;4;3;5;2;2;4;4;5;3;1;2;2;3;2;2;2;2;2;2
572;0,97;23/04/2014;4;2;16:39:31;17:06:48;1;63;5;1951;1;0;0;1;0;2;1;1;1;1;3;5;1;3;5;5;4;2;1;1;1;1;1;1;2;2;1;1
573;0,56;24/04/2014;4;3;14:09:08;14:24:35;2;40;4;1974;1;0;0;1;0;1;1;1;3;4;3;2;3;3;3;1;5;4;1;1;1;1;1;1;1;1;2;1
575;0,89;24/04/2014;4;3;14:07:37;14:25:26;1;40;4;1974;1;0;1;1;0;1;1;1;2;4;2;2;4;2;5;5;5;4;1;1;1;1;1;1;2;2;2;1
577;0,77;24/04/2014;4;3;14:22:09;14:40:35;2;65;5;1949;1;0;0;1;0;2;1;1;5;5;5;5;3;5;5;5;5;1;2;2;2;1;1;2;2;2;2;1
578;0,53;24/04/2014;4;3;14:35:10;14:53:04;2;36;4;1978;1;0;1;1;0;2;2;1;3;4;3;3;3;5;5;5;5;3;1;1;1;1;1;2;1;1;2;1
58;5,54;02/04/2014;4;2;15:25:34;15:54:37;2;41;4;1973;1;0;0;0;1;2;2;0;1;4;5;1;3;3;1;3;3;1;1;2;2;2;1;1;2;2;1;1
580;0,66;24/04/2014;4;3;14:45:48;15:15:27;1;17;1;1997;1;0;1;1;0;1;2;1;1;3;1;1;3;1;5;3;5;3;1;1;2;1;1;1;2;1;1;1
582;5,7;24/04/2014;4;3;14:49:41;15:22:09;1;26;3;1988;1;0;0;0;1;2;2;0;1;5;5;5;5;5;5;5;1;5;1;2;2;2;2;2;2;2;1;1
584;1,08;24/04/2014;4;3;15:33:41;15:59:04;1;18;1;1996;1;0;0;0;1;2;2;0;1;5;5;5;5;5;5;5;5;3;1;2;2;2;2;2;2;2;2;1
586;3,45;24/04/2014;4;3;15:28:17;16:13:13;1;22;2;1992;1;0;1;1;0;1;2;1;1;3;5;3;5;1;4;5;3;4;1;1;2;1;1;1;1;1;1;1
587;1,68;24/04/2014;4;3;16:20:29;16:42:49;2;20;2;1994;1;0;1;1;0;2;2;1;1;1;3;1;4;1;3;4;4;1;1;1;2;1;1;1;2;1;1;1
588;2,32;24/04/2014;4;3;16:22:10;16:45:30;2;15;1;1999;1;0;1;1;1;2;2;0;1;5;5;5;5;5;5;5;1;4;1;2;2;2;2;2;2;2;1;1
589;5,01;24/04/2014;4;3;16:34:02;16:54:52;1;53;5;1961;1;0;0;0;1;2;2;0;1;3;4;1;3;3;5;5;3;2;1;1;2;1;1;1;2;2;1;1
59;0,52;02/04/2014;4;2;15:13:19;16:00:58;1;30;3;1984;1;0;0;0;1;2;2;0;1;4;4;4;4;4;5;5;3;1;1;2;2;2;2;1;2;2;1;1
590;0,52;24/04/2014;4;3;16:34:33;16:58:54;2;44;4;1970;1;0;1;1;0;2;1;1;1;1;5;1;1;1;4;4;1;1;1;1;2;1;1;1;1;1;1;1
592;0,52;24/04/2014;4;3;16:56:36;17:22:20;2;45;4;1969;1;0;0;0;1;2;2;0;1;5;5;5;5;5;5;5;1;2;1;2;2;2;2;2;2;2;1;1
593;0,48;24/04/2014;4;3;16:57:52;17:23:08;2;28;3;1986;1;0;0;1;0;2;1;1;1;3;5;2;1;4;2;5;3;1;1;1;2;1;1;1;1;2;1;1
595;0,74;24/04/2014;4;3;17:00:47;17:32:59;2;25;3;1989;1;0;0;1;0;2;1;1;1;2;5;2;2;1;2;4;2;4;1;1;2;1;1;1;1;1;1;1
596;0,51;25/04/2014;4;4;14:28:56;14:47:35;1;33;3;1981;1;0;1;1;0;1;2;1;4;4;1;1;3;4;5;5;5;1;1;1;1;1;1;1;1;1;1;1
598;6,97;25/04/2014;4;4;14:24:33;14:49:22;2;31;3;1983;1;0;1;1;0;1;2;1;1;2;2;3;3;2;4;5;5;3;1;1;1;1;1;1;3;1;2;1
599;0,96;25/04/2014;4;4;14:28:29;14:58:46;2;61;5;1953;1;0;0;1;0;1;1;1;3;5;1;1;3;5;5;5;5;1;1;1;1;1;1;1;1;1;2;1
6;0,57;31/03/2014;3;7;14:35:45;14:56:18;2;22;2;1992;1;0;0;0;1;2;2;0;2;3;3;5;5;3;4;3;3;5;1;2;2;2;2;2;2;2;1;1
600;5,11;25/04/2014;4;4;14:56:24;15:13:27;2;35;4;1979;0;0;0;0;0;2;2;0;5;5;5;3;2;5;5;5;5;4;;;;;;;;;;
602;6,77;25/04/2014;4;4;14:44:58;15:16:49;2;54;5;1960;1;0;0;1;0;2;1;1;1;1;3;3;3;3;5;5;1;4;1;1;1;1;1;1;2;2;1;1
605;0,51;25/04/2014;4;4;15:17:05;15:43:43;2;28;3;1986;1;0;1;1;0;2;2;1;1;2;5;4;2;2;3;3;5;5;1;1;2;1;1;1;1;1;2;1
606;0,55;25/04/2014;4;4;15:29:49;15:46:52;1;30;3;1984;1;0;1;1;0;2;1;1;3;1;5;1;1;1;5;5;3;1;1;1;2;1;1;1;1;1;1;1
609;0,54;25/04/2014;4;4;15:39:19;16:02:30;1;40;4;1974;1;0;0;0;1;2;2;0;2;5;5;5;5;5;5;5;2;1;1;2;2;2;2;2;2;2;1;1
61;0,69;02/04/2014;4;2;15:42:08;16:12:34;2;43;4;1971;1;0;0;1;0;2;1;1;1;5;1;2;3;5;5;5;4;4;1;1;2;1;1;1;2;2;1;1
610;0,62;25/04/2014;4;4;15:56:36;16:14:06;2;55;5;1959;0;0;0;0;0;2;2;0;1;5;4;5;5;5;4;4;5;1;;;;;;;;;;
613;6,7;25/04/2014;4;4;16:28:57;16:54:02;2;32;3;1982;1;0;0;0;1;2;2;0;1;5;5;5;5;5;5;5;1;4;1;2;2;1;2;1;2;2;1;1
615;2,57;25/04/2014;4;4;16:51:11;17:13:35;2;14;1;2000;1;0;1;1;0;1;2;1;2;2;2;3;4;2;1;1;4;5;1;1;1;1;1;1;1;1;2;1
619;1,06;26/04/2014;4;5;14:02:24;14:18:34;1;62;5;1952;1;1;0;1;1;2;2;0;5;5;5;5;5;5;5;5;5;1;1;2;2;2;2;2;2;2;1;1
620;0,54;26/04/2014;4;5;14:04:31;14:27:49;1;49;4;1965;1;0;0;0;1;2;2;0;3;5;3;5;3;5;5;5;4;3;1;2;1;1;1;2;2;2;1;1
621;0,73;26/04/2014;4;5;14:03:22;14:29:35;1;21;2;1993;1;0;1;1;0;1;2;1;5;5;1;3;1;5;3;4;5;2;1;1;1;1;1;1;1;1;1;1
623;0,98;26/04/2014;4;5;14:47:24;15:04:38;2;45;4;1969;1;0;1;1;0;2;2;1;1;4;5;4;4;2;5;5;4;4;1;1;2;1;1;1;2;2;1;1
625;0,6;26/04/2014;4;5;15:20:35;15:44:09;1;23;2;1991;1;0;1;1;0;2;2;1;1;1;1;5;1;5;1;1;1;1;1;2;1;1;2;1;2;1;1;1
626;0,5;26/04/2014;4;5;15:42:50;15:59:36;2;26;3;1988;1;1;0;1;0;2;1;1;3;4;5;2;3;3;3;5;4;4;1;1;2;1;1;1;1;1;1;1
627;2,93;26/04/2014;4;5;15:49:18;16:03:45;1;36;4;1978;1;0;0;0;1;2;2;0;3;5;5;5;4;5;5;5;4;3;1;2;2;2;2;2;2;2;1;1
629;0,71;26/04/2014;4;5;15:56:07;16:23:40;1;19;1;1995;1;0;0;0;1;2;2;0;1;1;5;2;3;2;5;3;1;2;1;1;2;2;1;1;2;2;1;1
63;4,85;02/04/2014;4;2;15:47:18;16:14:28;2;50;5;1964;1;0;0;1;0;1;1;1;1;1;1;1;1;1;3;3;1;1;1;1;1;1;1;1;1;1;1;1
630;0,57;26/04/2014;4;5;16:10:19;16:32:49;2;46;4;1968;1;0;1;1;0;1;2;1;3;4;1;1;1;4;5;5;5;1;1;1;1;1;1;1;1;1;2;1
631;0,54;26/04/2014;4;5;16:12:01;16:34:52;1;25;3;1989;1;0;0;1;0;1;1;1;1;5;1;1;2;5;2;1;3;2;1;1;1;1;1;1;1;1;1;1
632;0,68;26/04/2014;4;5;16:29:21;16:37:17;2;43;4;1971;0;0;0;0;0;2;2;0;5;5;5;5;5;5;5;5;5;5;;;;;;;;;;
635;0,67;26/04/2014;4;5;16:55:15;17:08:25;2;20;2;1994;0;0;0;0;0;2;2;0;4;5;4;4;4;4;5;4;4;4;;;;;;;;;;
636;0,74;26/04/2014;4;5;16:46:05;17:11:22;2;17;1;1997;1;0;1;1;0;2;2;1;1;1;5;5;5;3;1;1;3;5;1;1;1;1;1;1;1;2;1;1
637;2,48;26/04/2014;4;5;16:58:50;17:29:36;2;16;1;1998;1;0;0;1;0;1;1;1;2;2;2;4;4;3;3;4;4;4;1;1;1;1;1;1;1;1;1;1
638;0,5;26/04/2014;4;5;17:16:54;17:51:45;2;30;3;1984;1;0;1;1;0;1;2;1;1;1;1;1;1;1;2;2;4;1;1;1;1;1;1;1;1;1;2;1
639;0,69;26/04/2014;4;5;17:29:27;17:52:29;2;19;1;1995;1;0;0;1;0;1;1;1;1;4;3;3;3;4;5;5;3;3;1;1;1;1;1;1;2;1;1;1
64;0,88;02/04/2014;4;2;15:55:50;16:19:51;2;28;3;1986;1;1;0;1;1;2;2;0;1;1;1;1;1;1;2;2;1;5;1;1;2;2;1;1;1;1;1;1
640;0,61;27/04/2014;4;6;14:16:59;14:34:06;2;58;5;1956;1;0;1;1;0;1;2;1;4;5;1;4;4;5;5;5;5;4;1;1;1;1;1;1;2;1;2;1
641;0,54;27/04/2014;4;6;14:16:54;14:40:43;1;36;4;1978;1;0;0;1;0;1;1;1;3;4;1;3;4;4;3;4;5;1;1;1;1;1;1;1;1;2;2;1
642;0,51;27/04/2014;4;6;14:15:11;14:41:02;2;19;1;1995;1;0;0;0;1;2;2;0;1;4;5;2;5;5;5;4;2;4;1;2;2;2;2;2;1;2;1;1
643;1,1;27/04/2014;4;6;14:27:37;14:46:46;2;20;2;1994;1;0;1;1;1;2;2;0;1;3;5;2;3;1;5;5;3;5;1;1;2;1;1;1;2;2;2;1
645;0,55;27/04/2014;4;6;14:48:48;15:12:23;1;32;3;1982;1;0;0;1;0;2;1;1;1;1;4;1;1;2;5;5;4;2;1;1;1;1;1;1;2;2;1;1
646;4,55;27/04/2014;4;6;15:00:49;15:22:30;1;16;1;1998;1;0;0;1;0;1;2;1;5;5;1;5;5;5;5;5;5;5;1;1;1;1;1;1;1;1;1;1
647;0,58;27/04/2014;4;6;14:58:24;15:23:28;2;34;3;1980;1;0;1;1;0;2;2;1;1;4;5;2;4;2;5;5;5;5;1;1;2;1;1;1;2;2;1;3
650;1,02;27/04/2014;4;6;15:25:49;15:47:19;1;18;1;1996;1;0;1;1;0;1;2;1;2;3;2;3;3;5;1;2;3;5;1;1;1;1;1;1;1;1;1;1
651;3,32;27/04/2014;4;6;15:23:24;15:54:20;1;40;4;1974;1;0;1;1;0;2;2;1;1;4;4;4;4;5;4;5;2;2;1;1;1;3;1;1;3;1;2;1
652;0,62;27/04/2014;4;6;15:40:06;16:06:33;1;33;3;1981;1;0;1;1;1;1;2;0;1;2;5;4;2;1;4;2;5;4;1;1;2;1;1;1;1;1;2;1
653;6,29;27/04/2014;4;6;16:06:31;16:32:01;2;25;3;1989;0;0;0;0;0;2;2;0;2;2;5;2;5;2;5;5;2;2;;;;;;;;;;
654;0,54;27/04/2014;4;6;16:25:02;16:39:11;2;35;4;1979;1;0;0;1;0;1;1;1;1;3;1;4;4;5;5;5;5;4;1;1;1;1;1;1;1;1;1;1
655;6,48;27/04/2014;4;6;16:22:13;16:39:43;2;55;5;1959;1;0;1;1;0;1;1;1;1;1;1;5;5;1;5;5;5;1;1;1;1;2;2;1;1;1;2;2
656;3,56;27/04/2014;4;6;16:36:24;16:52:03;2;20;2;1994;1;0;1;1;0;2;2;1;1;1;5;1;1;1;2;2;3;2;1;1;2;1;1;1;2;2;1;1
659;4,74;27/04/2014;4;6;17:03:25;17:22:44;1;17;1;1997;1;0;0;0;1;2;2;0;3;5;5;5;5;5;4;5;2;3;1;2;2;2;1;2;2;2;1;1
66;0,75;02/04/2014;4;2;16:21:57;16:35:36;1;62;5;1952;0;0;0;0;0;2;2;0;4;5;5;5;5;5;5;5;4;5;;;;;;;;;;
661;0,87;27/04/2014;4;6;17:10:34;17:27:23;2;25;3;1989;1;0;0;0;1;1;2;0;1;3;1;1;1;3;1;3;5;5;1;1;1;1;1;1;1;1;2;1
662;0,57;27/04/2014;4;6;17:38:48;18:03:48;1;48;4;1966;1;0;1;1;0;1;1;1;2;3;4;3;3;3;4;4;3;3;1;1;1;1;1;1;1;1;1;1
663;0,57;27/04/2014;4;6;17:42:39;18:08:18;1;37;4;1977;0;0;0;0;0;2;2;0;1;5;1;5;5;5;5;5;5;1;;;;;;;;;;
68;0,57;02/04/2014;4;2;16:22:36;16:49:12;1;24;2;1990;1;0;1;1;0;1;2;1;2;1;1;4;4;2;2;4;5;4;1;1;1;1;1;1;1;1;2;1
69;0,5;02/04/2014;4;2;16:25:48;16:49:29;1;31;3;1983;0;0;0;0;0;2;2;0;1;5;3;5;5;5;5;3;1;5;;;;;;;;;;
7;0,81;31/03/2014;3;7;14:11:16;15:09:17;1;22;2;1992;1;0;1;1;0;1;2;1;1;1;1;1;1;1;1;1;1;2;1;1;1;1;1;1;1;1;1;1
70;0,49;02/04/2014;4;2;16:21:51;16:52:12;1;20;2;1994;1;0;0;0;1;2;2;0;1;5;5;5;5;5;5;5;1;3;1;2;2;2;2;2;2;2;1;1
71;7,13;02/04/2014;4;2;16:11:52;16:54:00;2;44;4;1970;1;0;1;1;1;1;2;0;1;1;1;4;3;5;4;5;5;3;1;1;1;1;1;2;2;2;2;1
73;0,84;02/04/2014;4;2;16:39:32;17:05:45;1;15;1;1999;1;1;0;1;0;1;1;1;3;5;2;5;5;5;2;2;5;3;1;2;1;2;1;2;2;1;2;1
75;2,17;03/04/2014;4;3;14:12:12;14:27:11;1;36;4;1978;1;0;1;1;0;2;2;1;2;5;5;5;2;5;5;5;5;4;1;1;1;1;1;1;1;1;2;1
77;0,73;03/04/2014;4;3;14:17:17;14:45:54;1;19;1;1995;1;0;0;0;1;2;2;0;1;1;1;1;1;4;1;1;1;1;1;1;2;2;2;2;2;2;1;1
79;0,71;03/04/2014;4;3;14:50:23;15:13:07;2;24;2;1990;1;0;1;1;0;1;2;1;1;1;4;4;3;1;1;1;4;5;1;1;1;2;2;1;1;1;1;1
8;0,53;31/03/2014;3;7;14:56:25;15:11:33;1;34;3;1980;1;0;1;1;0;2;2;1;2;1;5;5;3;2;5;5;5;2;1;1;1;1;1;1;1;1;2;1
80;1,78;03/04/2014;4;3;15:02:00;15:17:19;1;19;1;1995;1;0;0;1;0;2;1;1;5;5;5;5;5;5;5;5;5;5;1;1;2;1;2;1;1;2;1;1
81;0,92;03/04/2014;4;3;14:51:39;15:34:53;1;23;2;1991;1;0;1;1;0;1;2;1;1;3;1;4;2;4;1;1;3;1;1;1;1;1;1;1;1;1;2;1
82;0,59;03/04/2014;4;3;15:16:16;15:40:39;2;28;3;1986;1;0;1;1;0;2;2;1;2;4;2;2;2;4;3;4;4;2;1;1;2;1;1;1;2;2;1;1
83;0,56;03/04/2014;4;3;15:17:09;15:41:06;2;34;3;1980;1;0;1;1;0;1;2;1;1;3;4;2;4;3;5;4;5;4;1;1;1;1;1;1;1;1;2;1
85;4,57;03/04/2014;4;3;15:39:19;16:09:49;1;52;5;1962;1;0;1;1;0;2;2;1;1;4;3;4;4;3;5;5;5;4;1;1;1;1;1;1;1;2;2;1
86;1,88;03/04/2014;4;3;15:44:13;16:16:33;2;18;1;1996;1;0;1;1;0;2;2;1;1;5;1;1;3;1;1;1;5;1;1;1;1;1;1;1;1;1;1;1
87;0,62;03/04/2014;4;3;15:59:03;16:18:45;2;31;3;1983;1;0;0;1;0;2;1;1;1;3;5;1;2;2;4;3;3;3;1;1;2;1;1;1;1;2;1;1
88;2,52;03/04/2014;4;3;16:00:26;16:20:37;2;15;1;1999;1;0;1;1;0;1;2;1;1;4;2;1;2;4;1;1;5;4;1;1;1;1;1;1;1;1;2;1
9;1,02;31/03/2014;3;7;15:09:50;15:29:35;2;60;5;1954;1;0;1;1;1;1;2;0;1;3;1;4;4;3;5;5;5;3;1;1;1;1;1;1;2;2;2;1
90;0,56;03/04/2014;4;3;16:17:47;16:38:09;1;30;3;1984;1;0;1;1;0;1;2;1;3;5;1;4;4;5;5;5;5;2;1;1;1;1;1;1;1;1;1;1
91;0,5;03/04/2014;4;3;16:37:58;16:57:24;2;21;2;1993;1;0;0;0;1;2;2;0;1;3;3;2;3;2;3;5;3;1;1;2;2;2;2;2;2;2;1;1
92;5,11;03/04/2014;4;3;16:34:55;17:00:40;1;19;1;1995;1;0;1;1;0;1;2;1;1;1;3;2;2;1;1;2;3;5;1;1;1;1;1;1;1;1;1;1
93;0,57;03/04/2014;4;3;16:46:57;17:01:10;1;46;4;1968;0;0;0;0;0;2;2;0;3;5;3;5;3;5;5;5;5;3;;;;;;;;;;
94;0,51;03/04/2014;4;3;16:34:49;17:04:17;1;31;3;1983;1;0;1;1;1;1;2;0;1;4;1;1;3;4;4;3;5;2;1;1;1;1;1;1;1;1;2;1
95;0,55;03/04/2014;4;3;16:54:22;17:17:04;2;22;2;1992;1;0;1;1;1;1;2;0;3;3;3;2;2;5;5;5;5;3;1;1;1;1;1;1;2;2;1;1
96;4,03;03/04/2014;4;3;16:57:51;17:32:33;2;42;4;1972;1;0;0;1;0;1;2;1;1;2;1;5;2;1;5;4;5;4;1;1;1;2;1;1;3;3;2;1
97;0,54;03/04/2014;4;3;16:54:06;17:54:09;2;37;4;1977;1;0;1;1;0;2;1;1;1;3;5;1;1;1;5;3;1;1;1;1;2;1;1;1;2;2;1;1
98;0,79;04/04/2014;4;4;14:02:44;14:20:50;2;35;4;1979;1;0;1;1;0;1;2;1;1;3;1;1;4;1;1;3;3;3;1;1;1;1;1;1;1;1;1;1